playerID,yearID,stint,teamID,G,AB,R,H,2B,3B,HR,RBI,SB,CS,BB,SO,IBB,HBP,SH,SF,GIDP
abadan01,2001,1,OAK,1,1,0,0,0,0,0,0,0,0,0,0,0,0,0,0,0
abbotje01,2001,1,FLO,28,42,5,11,3,0,0,5,0,0,3,7,0,1,0,0,1
abbotku01,2001,1,ATL,6,9,0,2,0,0,0,0,1,0,0,3,0,0,0,0,0
abbotpa01,2001,1,SEA,28,4,0,1,0,0,0,0,0,0,0,1,0,0,1,0,0
abernbr01,2001,1,TBA,79,304,43,82,17,1,5,33,8,3,27,35,1,0,3,1,3
abreubo01,2001,1,PHI,162,588,118,170,48,4,31,110,36,14,106,137,11,1,0,9,13
acevejo01,2001,1,CIN,18,34,1,4,1,0,0,1,0,0,0,18,0,0,2,0,0
aceveju01,2001,1,COL,39,0,0,0,0,0,0,0,0,0,0,0,0,0,0,0,0
aceveju01,2001,2,FLO,20,3,1,1,1,0,0,0,0,0,0,0,0,0,1,0,0
adamste01,2001,1,LAN,43,39,2,2,1,0,0,1,0,0,3,19,0,0,5,1,0
agbaybe01,2001,1,NYN,91,296,28,82,14,2,6,27,4,5,36,73,0,5,1,1,11
ainswku01,2001,1,SFN,2,0,0,0,0,0,0,0,0,0,0,0,0,0,0,0,0
alcanis01,2001,1,BOS,14,38,3,10,1,0,0,3,1,0,3,13,0,0,0,0,3
aldrico01,2001,1,ATL,8,5,1,0,0,0,0,0,0,0,0,4,0,0,0,0,0
alfonan01,2001,1,FLO,58,0,0,0,0,0,0,0,0,0,0,0,0,0,0,0,0
alfoned01,2001,1,NYN,124,457,64,111,22,0,17,49,5,0,51,62,0,5,1,5,7
alicelu01,2001,1,KCA,113,387,44,106,16,4,4,32,8,6,23,56,0,4,3,1,6
allench01,2001,1,MIN,57,175,20,46,13,2,4,20,1,2,19,37,1,0,0,1,7
almanar01,2001,1,FLO,52,0,0,0,0,0,0,0,0,0,0,0,0,0,0,0,0
almanca01,2001,1,NYA,10,0,0,0,0,0,0,0,0,0,0,0,0,0,0,0,0
almoner01,2001,1,NYA,8,4,0,2,1,0,0,0,2,0,0,1,0,0,0,0,0
alomaro01,2001,1,CLE,157,575,113,193,34,12,20,100,30,6,80,71,5,4,9,9,9
alomasa02,2001,1,CHA,70,220,17,54,8,1,4,21,1,2,12,17,1,2,3,2,6
aloumo01,2001,1,HOU,136,513,79,170,31,1,27,108,5,1,57,57,14,3,0,8,18
anderbr01,2001,1,BAL,131,430,50,87,12,3,8,45,12,4,60,77,4,8,2,1,3
anderbr02,2001,1,ARI,33,37,1,5,1,1,0,2,0,0,0,9,0,0,0,0,2
anderga01,2001,1,ANA,161,672,83,194,39,2,28,123,13,6,27,100,4,0,0,5,12
anderji02,2001,1,PIT,34,59,2,7,1,0,0,3,0,0,4,15,0,0,6,0,1
anderma01,2001,1,DET,62,0,0,0,0,0,0,0,0,0,0,0,0,0,0,0,0
anderma02,2001,1,PHI,147,522,69,153,30,2,11,61,8,5,35,74,5,2,10,5,12
ankieri01,2001,1,SLN,6,8,1,0,0,0,0,0,0,0,1,5,0,0,1,0,0
appieke01,2001,1,NYN,33,62,4,7,0,0,0,4,0,0,1,24,0,1,3,0,0
ariasal01,2001,1,SDN,70,137,19,31,9,0,2,12,1,0,17,22,1,1,1,2,3
armasto02,2001,1,MON,34,53,2,8,1,0,0,4,0,0,0,17,0,0,6,0,0
arrojro01,2001,1,BOS,41,4,0,0,0,0,0,0,0,0,0,3,0,0,0,0,0
arroybr01,2001,1,PIT,24,21,0,1,0,0,0,1,0,0,1,16,0,0,0,1,0
ashbyan01,2001,1,LAN,3,2,1,1,0,0,0,1,0,0,1,0,0,0,2,0,0
astacpe01,2001,1,COL,22,42,2,4,0,0,0,3,0,0,0,12,0,0,10,0,0
astacpe01,2001,2,HOU,4,11,0,1,0,0,0,0,0,0,0,5,0,0,1,0,0
atchlju01,2001,1,CIN,15,1,0,0,0,0,0,0,0,0,0,1,0,0,0,0,0
aurilri01,2001,1,SFN,156,636,114,206,37,5,37,97,1,3,47,83,2,0,3,3,14
ausmubr01,2001,1,HOU,128,422,45,98,23,4,5,34,4,1,30,64,6,1,6,2,13
austije01,2001,1,KCA,21,0,0,0,0,0,0,0,0,0,0,0,0,0,0,0,0
avenbr01,2001,1,LAN,21,24,3,8,2,0,1,2,0,0,0,5,0,2,0,0,0
aybarma01,2001,1,CHN,17,3,1,3,0,0,0,0,0,0,0,0,0,0,1,0,0
bacsimi02,2001,1,CLE,3,0,0,0,0,0,0,0,0,0,0,0,0,0,0,0,0
baezbe01,2001,1,FLO,8,1,0,0,0,0,0,0,0,0,0,0,0,0,0,0,0
baezda01,2001,1,CLE,43,0,0,0,0,0,0,0,0,0,0,0,0,0,0,0,0
bagweje01,2001,1,HOU,161,600,126,173,43,4,39,130,11,3,106,135,5,6,0,5,20
baileco01,2001,1,KCA,53,0,0,0,0,0,0,0,0,0,0,0,0,0,0,0,0
baineha01,2001,1,CHA,32,84,3,11,1,0,0,6,0,0,8,16,0,0,0,2,2
bakopa01,2001,1,ATL,61,137,19,29,10,1,2,15,1,0,20,34,2,0,0,0,3
baldwja01,2001,1,CHA,17,2,0,0,0,0,0,0,0,0,0,1,0,0,0,0,0
baldwja01,2001,2,LAN,12,26,0,2,1,0,0,1,0,0,0,12,0,0,1,0,1
balejo01,2001,1,BAL,14,0,0,0,0,0,0,0,0,0,0,0,0,0,0,0,0
balfogr01,2001,1,MIN,2,0,0,0,0,0,0,0,0,0,0,0,0,0,0,0,0
bankswi01,2001,1,BOS,5,0,0,0,0,0,0,0,0,0,0,0,0,0,0,0,0
barajro01,2001,1,ARI,51,106,9,17,3,0,3,9,0,0,4,26,0,0,0,0,0
barcelo01,2001,1,CHA,17,0,0,0,0,0,0,0,0,0,0,0,0,0,0,0,0
barkean01,2001,1,PIT,17,46,5,14,2,0,1,3,1,0,4,7,1,1,0,0,2
barkegl01,2001,1,HOU,70,24,12,2,0,0,0,1,4,6,3,6,0,2,0,1,0
barnejo01,2001,1,MIN,9,21,1,1,0,0,0,0,0,0,1,3,0,1,0,0,0
barnela01,2001,1,ANA,16,40,2,4,0,0,1,2,0,0,1,9,0,0,0,0,1
barremi01,2001,1,MON,132,472,42,118,33,2,6,38,2,1,25,54,2,2,4,3,14
barteki01,2001,1,COL,12,15,0,0,0,0,0,1,0,0,2,5,1,1,0,1,0
batismi01,2001,1,ARI,48,32,2,2,0,0,0,0,0,0,2,17,0,0,2,0,0
batisto01,2001,1,TOR,72,271,29,56,11,1,13,45,0,1,13,66,1,4,0,3,2
batisto01,2001,2,BAL,84,308,41,82,16,5,12,42,5,1,19,47,0,0,0,4,7
bauerri01,2001,1,BAL,6,0,0,0,0,0,0,0,0,0,0,0,0,0,0,0,0
bautida01,2001,1,ARI,100,222,26,67,11,2,5,26,3,2,14,31,1,1,2,0,7
beckejo02,2001,1,FLO,4,7,1,2,1,0,0,0,0,0,0,1,0,0,2,0,0
beckro01,2001,1,BOS,68,1,0,0,0,0,0,0,0,0,0,1,0,0,0,0,0
beimejo01,2001,1,PIT,42,26,3,7,0,0,0,0,0,0,1,10,0,0,4,0,0
beirnke01,2001,1,TOR,5,0,0,0,0,0,0,0,0,0,0,0,0,0,0,0,0
belitto01,2001,1,COL,8,1,0,0,0,0,0,0,0,0,0,1,0,0,0,0,0
bellda01,2001,1,SEA,135,470,62,122,28,0,15,64,2,1,28,59,1,3,5,4,8
bellde01,2001,1,PIT,46,156,14,27,3,0,5,13,0,2,25,38,5,0,2,0,4
bellhma01,2001,1,OAK,38,74,11,10,1,2,1,4,0,0,7,37,0,0,1,0,1
bellicl01,2001,1,NYA,51,81,12,13,1,1,5,12,1,2,4,23,0,1,1,1,2
belliro01,2001,1,MIL,101,364,69,96,30,3,11,36,5,2,35,65,2,5,4,2,5
bellja01,2001,1,ARI,129,428,59,106,24,1,13,46,0,1,65,79,3,4,8,4,9
bellro01,2001,1,CIN,9,7,0,1,0,0,0,0,0,0,1,4,0,0,2,0,0
bellro01,2001,2,TEX,18,0,0,0,0,0,0,0,0,0,0,0,0,0,0,0,0
beltrad01,2001,1,LAN,126,475,59,126,22,4,13,60,13,4,28,82,1,5,2,5,9
beltrca01,2001,1,KCA,155,617,106,189,32,12,24,101,31,1,52,120,2,5,1,5,7
benarma01,2001,1,SFN,129,392,70,104,19,2,15,44,10,5,29,66,2,4,1,3,3
benesal01,2001,1,SLN,9,2,1,1,0,0,0,0,0,0,0,0,0,0,0,0,0
benesan01,2001,1,SLN,27,32,1,5,3,0,0,4,0,0,1,15,0,0,2,0,0
benitar01,2001,1,NYN,73,1,0,0,0,0,0,1,0,0,0,0,0,0,0,0,0
bennega01,2001,1,PHI,26,75,8,16,3,1,1,6,0,0,9,19,1,0,1,1,1
bennega01,2001,2,NYN,1,1,0,1,0,0,0,0,0,0,0,0,0,0,0,0,0
bennega01,2001,3,COL,19,55,7,15,3,0,1,4,0,0,3,5,3,1,1,1,0
benoijo01,2001,1,TEX,1,0,0,0,0,0,0,0,0,0,0,0,0,0,0,0,0
bereja01,2001,1,CHN,32,62,2,12,4,0,0,2,0,0,0,18,0,0,7,0,2
bergda01,2001,1,FLO,82,215,26,52,12,1,4,16,0,1,14,39,0,2,2,2,3
bergebr01,2001,1,KCA,6,16,4,5,1,1,2,2,0,0,2,2,0,0,0,0,0
bergepe01,2001,1,MON,102,375,53,79,11,4,3,16,10,7,28,87,2,5,8,0,5
berkmla01,2001,1,HOU,156,577,110,191,55,5,34,126,7,9,92,121,5,13,0,6,8
bernead01,2001,1,DET,5,0,0,0,0,0,0,0,0,0,0,0,0,0,0,0,0
berroan01,2001,1,KCA,15,53,8,16,2,0,0,4,2,0,3,10,0,0,0,0,2
betemwi01,2001,1,ATL,8,3,1,0,0,0,0,0,1,0,2,3,0,0,0,0,0
bicheda01,2001,1,BOS,107,391,45,112,30,1,12,49,2,2,20,76,1,3,0,1,13
biddlro01,2001,1,CHA,30,1,0,0,0,0,0,0,0,0,0,1,0,0,1,0,0
bierbni01,2001,1,ARI,6,6,3,4,1,0,0,0,0,0,2,0,0,0,2,0,0
bierbni01,2001,2,TBA,11,0,0,0,0,0,0,0,0,0,0,0,0,0,0,0,0
bigbila01,2001,1,BAL,47,131,15,30,6,0,2,11,4,1,17,42,1,0,1,0,2
biggicr01,2001,1,HOU,155,617,118,180,35,3,20,70,7,4,66,100,4,28,0,6,11
blairwi01,2001,1,DET,9,2,0,0,0,0,0,0,0,0,0,1,0,0,0,0,0
blakeca01,2001,1,MIN,13,22,1,7,1,0,0,2,1,0,3,8,1,0,0,0,0
blakeca01,2001,2,BAL,6,15,2,2,0,0,1,2,2,0,1,4,0,0,0,0,0
blanche01,2001,1,MIL,104,314,33,66,18,3,6,31,3,1,34,72,6,2,5,2,10
blankma01,2001,1,MON,5,8,0,4,1,0,0,1,0,0,0,2,0,0,0,0,0
blumge01,2001,1,MON,148,453,57,107,25,0,9,50,9,5,43,94,8,10,3,5,12
bocachi01,2001,1,LAN,75,133,15,31,11,1,2,9,4,1,9,33,0,1,0,0,1
boehrbr01,2001,1,NYA,22,0,0,0,0,0,0,0,0,0,0,0,0,0,0,0,0
boehrbr01,2001,2,SFN,29,3,0,0,0,0,0,0,0,0,0,2,0,0,0,0,0
bogarti01,2001,1,LAN,12,15,4,5,2,0,2,2,0,0,2,1,0,0,0,0,0
bohanbr01,2001,1,COL,21,31,3,10,4,0,0,3,0,0,1,7,0,0,1,0,1
bondsba01,2001,1,SFN,153,476,129,156,32,2,73,137,13,3,177,93,35,9,0,2,5
bonesri01,2001,1,FLO,61,2,0,1,0,0,0,1,0,0,0,1,0,0,0,1,0
bonilbo01,2001,1,SLN,93,174,17,37,7,0,5,21,1,1,23,53,3,1,0,0,4
booneaa01,2001,1,CIN,103,381,54,112,26,2,14,62,6,3,29,71,1,8,3,6,9
boonebr01,2001,1,SEA,158,623,118,206,37,3,37,141,5,5,40,110,5,9,5,13,11
borbope02,2001,1,TOR,71,0,0,0,0,0,0,0,0,0,0,0,0,0,0,0,0
bordepa01,2001,1,SEA,5,6,1,3,0,0,0,0,0,0,0,1,0,0,1,0,0
bordimi01,2001,1,BAL,58,229,32,57,13,0,7,30,9,3,17,36,1,6,2,3,4
borkoda01,2001,1,DET,15,0,0,0,0,0,0,0,0,0,0,0,0,0,0,0,0
borlato02,2001,1,ANA,2,0,0,0,0,0,0,0,0,0,0,0,0,0,0,0,0
borowjo01,2001,1,CHN,1,0,0,0,0,0,0,0,0,0,0,0,0,0,0,0,0
bottari01,2001,1,PHI,66,3,1,1,1,0,0,1,0,0,0,0,0,0,0,0,0
botteke01,2001,1,HOU,13,14,0,2,0,0,0,0,0,0,0,5,0,0,1,0,0
bowlebr01,2001,1,TOR,2,0,0,0,0,0,0,0,0,0,0,0,0,0,0,0,0
bradfch01,2001,1,OAK,35,0,0,0,0,0,0,0,0,0,0,0,0,0,0,0,0
bradlmi01,2001,1,MON,67,220,19,49,16,3,1,19,7,4,19,62,0,1,2,0,6
bradlmi01,2001,2,CLE,10,18,3,4,1,0,0,0,1,1,2,3,0,0,0,0,1
braggda01,2001,1,NYN,18,57,4,15,6,0,0,5,3,2,4,23,0,1,1,0,0
braggda01,2001,2,NYA,5,4,1,1,1,0,0,0,0,0,0,1,0,0,0,0,0
bransje01,2001,1,LAN,13,21,3,6,0,0,0,0,0,0,0,4,0,0,0,0,0
brantje01,2001,1,TEX,18,0,0,0,0,0,0,0,0,0,0,0,0,0,0,0,0
branyru01,2001,1,CLE,113,315,48,73,16,2,20,54,1,1,38,132,1,3,0,5,2
breale01,2001,1,BAL,2,0,0,0,0,0,0,0,0,0,0,0,0,0,0,0,0
brockch01,2001,1,PHI,24,3,0,1,0,0,0,0,0,0,0,0,0,0,0,0,0
brognri01,2001,1,ATL,72,206,15,51,9,0,3,21,3,1,14,46,1,1,1,1,9
brohatr01,2001,1,ARI,59,1,0,0,0,0,0,0,0,0,0,0,0,0,0,0,0
brosisc01,2001,1,NYA,120,428,57,123,25,2,13,49,3,1,34,83,2,5,6,5,10
broweji01,2001,1,CIN,48,26,6,8,1,0,0,3,0,0,0,8,0,0,2,0,0
brownad01,2001,1,PIT,8,31,3,6,0,0,1,2,2,1,3,3,0,0,0,0,1
brownde02,2001,1,KCA,106,380,39,93,19,0,7,40,5,3,22,81,4,1,1,2,12
brownem01,2001,1,PIT,61,123,18,25,4,1,3,13,10,4,15,42,1,2,0,0,2
brownem01,2001,2,SDN,13,14,3,1,0,0,0,0,2,0,1,7,0,0,0,0,0
brownke01,2001,1,LAN,20,36,2,3,0,0,1,2,0,0,0,12,0,3,2,0,0
brownke04,2001,1,MIL,17,43,7,9,0,1,4,12,0,0,2,18,0,1,0,0,1
brownro01,2001,1,CHN,39,83,13,22,6,1,4,22,0,0,7,12,0,1,0,1,3
brumbcl01,2001,1,TEX,7,10,1,0,0,0,0,0,0,0,1,5,0,0,0,0,0
brumbcl01,2001,2,COL,14,36,5,10,2,0,1,4,0,1,2,9,0,0,0,0,3
buchabr01,2001,1,MIN,69,197,28,54,12,0,10,32,1,1,19,58,0,2,0,1,2
buddimi01,2001,1,MIL,31,4,1,1,0,0,0,0,0,0,0,3,0,0,0,0,0
buehrma01,2001,1,CHA,32,3,0,0,0,0,0,0,0,0,1,2,0,0,0,0,0
buforda01,2001,1,CHN,35,85,11,15,2,0,3,8,0,0,4,23,0,0,0,0,3
buhneja01,2001,1,SEA,19,45,4,10,2,0,2,5,0,0,8,9,0,0,0,0,3
burbada01,2001,1,CLE,32,2,1,0,0,0,0,0,0,0,0,1,0,0,2,0,0
burkeja02,2001,1,ANA,9,5,1,1,0,0,0,0,0,0,0,2,0,0,0,0,0
burkejo03,2001,1,ATL,34,65,2,6,0,0,0,1,0,0,3,29,0,0,7,0,5
burkhmo01,2001,1,BOS,11,33,3,6,1,0,1,4,0,0,1,11,0,0,0,0,1
burksel01,2001,1,CLE,124,439,83,123,29,1,28,74,5,1,62,85,2,5,0,9,16
burneaj01,2001,1,FLO,27,50,0,4,1,0,0,0,0,0,1,27,0,1,7,0,0
burnije01,2001,1,MIL,154,562,104,141,32,4,34,100,0,4,80,150,9,5,0,4,8
burrepa01,2001,1,PHI,155,539,70,139,29,2,27,89,2,1,70,162,7,5,0,4,12
bushho01,2001,1,TOR,78,271,32,83,11,1,3,27,13,4,8,50,1,6,2,4,2
butlebr02,2001,1,COL,53,119,17,29,7,1,1,14,1,1,7,7,0,1,2,2,4
byrdpa01,2001,1,PHI,4,2,0,1,0,0,0,0,0,0,0,0,0,0,1,0,0
byrdpa01,2001,2,KCA,16,4,0,0,0,0,0,0,0,0,0,2,0,0,1,0,0
byrneer01,2001,1,OAK,19,38,9,9,1,0,3,5,1,0,4,6,0,1,0,0,0
cabrejo01,2001,1,ATL,55,1,0,0,0,0,0,0,0,0,0,1,0,0,0,0,0
cabrejo02,2001,1,CLE,141,287,50,75,16,3,1,38,10,4,16,41,0,6,1,2,4
cabreor01,2001,1,MON,162,626,64,173,41,6,14,96,19,7,43,54,5,4,4,7,15
cairomi01,2001,1,CHN,66,123,20,35,3,1,2,9,2,1,16,21,1,0,7,1,3
cairomi01,2001,2,SLN,27,33,5,11,5,0,1,7,0,0,2,2,0,0,0,0,1
callami01,2001,1,TBA,2,0,0,0,0,0,0,0,0,0,0,0,0,0,0,0,0
camermi01,2001,1,SEA,150,540,99,144,30,5,25,110,34,5,69,155,3,10,1,13,13
caminke01,2001,1,TEX,54,185,24,43,8,1,9,25,0,0,22,41,2,2,0,2,5
caminke01,2001,2,ATL,64,171,12,38,9,0,6,16,0,1,21,44,1,0,0,1,2
cansejo01,2001,1,CHA,76,256,46,66,8,0,16,49,2,1,45,75,1,1,0,4,4
cardoja01,2001,1,DET,46,96,10,25,8,0,1,10,0,1,2,12,0,1,2,1,2
carpech01,2001,1,TOR,34,6,0,1,0,0,0,0,0,0,0,3,0,0,1,0,0
carragi01,2001,1,LAN,47,12,1,3,0,0,0,0,0,0,0,2,0,0,0,0,0
carrahe01,2001,1,MIN,56,0,0,0,0,0,0,0,0,0,0,0,0,0,0,0,0
casanra01,2001,1,MIL,71,192,21,50,10,0,11,33,0,0,12,29,2,1,0,3,3
caseyse01,2001,1,CIN,145,533,69,165,40,0,13,89,3,1,43,63,8,9,0,3,16
castial01,2001,1,TOR,66,131,9,26,4,0,1,4,1,1,7,30,0,3,5,0,2
castica02,2001,1,BOS,2,0,0,0,0,0,0,0,0,0,0,0,0,0,0,0,0
castifr01,2001,1,BOS,26,2,0,0,0,0,0,0,0,0,0,1,0,0,1,0,0
castilu01,2001,1,FLO,134,537,76,141,16,10,2,45,33,16,67,90,0,1,4,3,6
castivi02,2001,1,TBA,24,93,7,20,6,0,2,9,0,0,3,22,0,1,0,0,3
castivi02,2001,2,HOU,122,445,62,120,28,1,23,82,1,4,32,86,3,3,0,4,19
castrju01,2001,1,CIN,96,242,27,54,10,0,3,13,0,0,13,50,2,0,4,2,9
castrra01,2001,1,FLO,7,11,0,2,0,0,0,1,0,0,1,1,0,0,0,0,0
catalfr01,2001,1,TEX,133,463,77,153,31,5,11,54,15,5,39,55,3,8,1,1,5
cedenro01,2001,1,DET,131,523,79,153,14,11,6,48,55,15,36,83,1,2,6,5,5
chacosh01,2001,1,COL,27,47,2,2,0,0,0,1,0,0,0,22,0,1,7,0,1
charlno01,2001,1,SEA,44,0,0,0,0,0,0,0,0,0,0,0,0,0,0,0,0
chaveen01,2001,1,KCA,29,77,4,16,2,0,0,5,0,2,3,8,0,0,0,0,3
chaveer01,2001,1,OAK,151,552,91,159,43,0,32,114,8,2,41,99,9,4,0,7,7
chenbr01,2001,1,PHI,16,28,1,3,0,0,0,0,0,0,0,10,0,0,3,0,0
chenbr01,2001,2,NYN,11,19,0,3,0,0,0,0,0,0,0,9,0,0,2,0,1
chiassc01,2001,1,CHN,6,0,0,0,0,0,0,0,0,0,0,0,0,0,0,0,0
choatra01,2001,1,NYA,37,3,0,0,0,0,0,0,0,0,0,2,0,0,0,0,0
chouibo01,2001,1,COL,8,0,0,0,0,0,0,0,0,0,0,0,0,0,0,0,0
chrisja01,2001,1,SLN,30,0,0,0,0,0,0,0,0,0,0,0,0,0,0,0,0
chrisja01,2001,2,SFN,25,0,0,0,0,0,0,0,0,0,0,0,0,0,0,0,0
chrismc01,2001,1,CHA,7,4,0,1,0,0,0,0,0,0,0,2,0,1,0,0,0
chrismc01,2001,2,LAN,28,49,7,16,2,0,1,7,3,2,3,10,0,3,0,0,0
chrisry01,2001,1,OAK,7,4,1,0,0,0,0,0,0,0,0,1,0,0,0,0,0
chrisry01,2001,2,ARI,19,4,3,1,1,0,0,1,1,0,1,1,0,0,0,0,0
christi01,2001,1,COL,1,0,0,0,0,0,0,0,0,0,0,0,0,0,0,0,0
cintral01,2001,1,ARI,8,7,0,2,0,1,0,0,0,0,0,0,0,0,0,0,0
cirilje01,2001,1,COL,138,528,72,165,26,4,17,83,12,2,43,63,6,5,1,9,15
clappst01,2001,1,SLN,23,25,0,5,2,0,0,1,0,0,1,7,0,0,0,0,0
clarkbr02,2001,1,CIN,89,129,22,34,3,0,6,18,4,1,22,16,1,1,4,1,6
clarkje02,2001,1,DET,3,0,1,0,0,0,0,0,0,0,0,0,0,0,0,0,0
clarkto02,2001,1,DET,126,428,67,123,29,3,16,75,0,1,62,108,10,1,0,6,14
claytro01,2001,1,CHA,135,433,62,114,21,4,9,60,10,7,33,72,2,3,9,7,16
clemema01,2001,1,FLO,32,50,2,4,0,0,0,0,0,0,3,18,0,0,8,0,0
clemero02,2001,1,NYA,33,2,0,0,0,0,0,0,0,0,0,2,0,0,0,0,0
cocopa01,2001,1,TOR,7,0,0,0,0,0,0,0,0,0,0,0,0,0,0,0,0
coganto01,2001,1,KCA,39,0,0,0,0,0,0,0,0,0,0,0,0,0,0,0,0
coggida01,2001,1,PHI,17,33,1,2,1,0,0,1,0,0,2,13,0,0,1,0,0
colanmi01,2001,1,SDN,50,91,10,22,3,3,2,8,0,0,8,30,0,1,0,0,3
colbrgr01,2001,1,ARI,59,97,12,28,8,0,4,18,0,0,9,14,0,4,0,0,5
colemmi01,2001,1,NYA,12,38,5,8,0,0,1,7,0,1,0,15,0,0,0,1,0
collilo01,2001,1,MIL,50,127,19,32,8,1,2,14,5,1,17,30,0,1,1,2,0
colomje01,2001,1,TBA,30,0,0,0,0,0,0,0,0,0,0,0,0,0,0,0,0
colonba01,2001,1,CLE,34,7,0,1,0,0,0,0,0,0,0,5,0,0,0,0,0
coneda01,2001,1,BOS,25,1,0,0,0,0,0,0,0,0,0,1,0,0,1,0,0
coninje01,2001,1,BAL,139,524,75,163,23,2,14,97,12,8,64,75,6,5,0,8,12
contija01,2001,1,ARI,5,4,1,1,0,0,0,0,0,0,1,2,0,0,0,0,0
cookde01,2001,1,NYN,43,1,0,0,0,0,0,0,0,0,0,0,0,0,0,0,0
cookde01,2001,2,PHI,19,0,0,0,0,0,0,0,0,0,0,0,0,0,0,0,0
coolbmi01,2001,1,MIL,39,70,10,14,6,0,2,7,0,0,5,16,0,2,0,0,3
coomero01,2001,1,CHN,111,349,25,91,19,1,8,53,0,0,29,70,1,2,0,6,23
coopebr01,2001,1,ANA,7,0,0,0,0,0,0,0,0,0,0,0,0,0,0,0,0
coppiro01,2001,1,MIL,8,5,0,0,0,0,0,1,0,0,0,1,0,0,1,0,0
coraal01,2001,1,LAN,134,405,38,88,18,3,4,29,0,2,31,58,6,8,3,2,16
cordefr01,2001,1,TEX,3,0,0,0,0,0,0,0,0,0,0,0,0,0,0,0,0
cordewi01,2001,1,CLE,89,268,30,67,11,1,4,21,0,0,22,50,2,4,2,3,8
cordoma01,2001,1,CLE,122,409,61,123,20,2,20,69,0,3,23,81,0,8,0,2,9
coreyma02,2001,1,NYN,2,0,0,0,0,0,0,0,0,0,0,0,0,0,0,0,0
cormirh01,2001,1,PHI,60,1,0,0,0,0,0,0,0,0,0,0,0,0,0,0,0
cornena01,2001,1,DET,10,0,0,0,0,0,0,0,0,0,0,0,0,0,0,0,0
cotahu01,2001,1,PIT,7,9,0,2,0,0,0,1,0,0,0,5,0,0,0,0,0
counscr01,2001,1,ARI,141,458,76,126,22,3,4,38,6,8,61,76,3,2,6,6,9
coxst01,2001,1,TBA,108,342,37,88,22,0,12,51,2,2,24,75,0,10,0,2,11
crabtti01,2001,1,TEX,21,0,0,0,0,0,0,0,0,0,0,0,0,0,0,0,0
crawfpa02,2001,1,BOS,8,0,0,0,0,0,0,0,0,0,0,0,0,0,0,0,0
credejo01,2001,1,CHA,17,50,1,11,1,1,0,7,1,0,3,11,0,1,0,1,1
creekdo01,2001,1,TBA,66,0,0,0,0,0,0,0,0,0,0,0,0,0,0,0,0
crespce01,2001,1,SDN,55,153,27,32,6,0,4,12,6,2,25,50,0,0,1,0,2
crespfe01,2001,1,SFN,40,66,8,13,1,0,4,10,1,1,7,26,1,2,1,2,2
crespfe01,2001,2,PHI,33,41,1,7,3,1,0,5,0,0,4,8,0,0,0,2,0
cressja01,2001,1,MIN,44,0,0,0,0,0,0,0,0,0,0,0,0,0,0,0,0
cromedt01,2001,1,CIN,50,57,7,16,3,0,5,12,0,0,3,19,0,0,0,3,0
cruzde01,2001,1,DET,110,414,39,106,28,1,7,52,4,1,17,46,0,4,1,2,13
cruzja01,2001,1,CLE,28,68,12,15,4,0,3,11,0,2,5,23,0,3,0,0,3
cruzja01,2001,2,COL,44,76,7,16,1,0,1,7,0,2,10,27,0,1,1,2,1
cruzjo02,2001,1,TOR,146,577,92,158,38,4,34,88,32,5,45,138,4,1,2,2,8
cruzju02,2001,1,CHN,11,16,0,2,0,0,0,1,0,0,0,5,0,0,2,0,1
cruzne01,2001,1,HOU,66,6,0,1,0,0,0,0,0,0,0,2,0,0,0,0,0
cubilda01,2001,1,MON,29,0,0,0,0,0,0,0,0,0,0,0,0,0,0,0,0
cuddymi01,2001,1,MIN,8,18,1,4,2,0,0,1,1,0,2,6,0,0,0,0,1
cummimi01,2001,1,ARI,20,20,1,6,1,0,0,1,0,0,0,4,0,0,0,1,2
cunnawi01,2001,1,MIL,32,7,0,0,0,0,0,0,0,0,0,1,0,0,0,0,0
curtich01,2001,1,TEX,38,115,24,29,3,0,3,10,7,1,14,21,0,1,0,0,3
custja01,2001,1,ARI,3,2,0,1,0,0,0,0,0,0,1,0,0,0,0,0,0
daalom01,2001,1,PHI,32,55,7,13,1,0,0,5,0,0,1,10,0,0,7,0,4
dalesma01,2001,1,CHA,1,0,0,0,0,0,0,0,0,0,0,0,0,0,0,0,0
damicje01,2001,1,MIL,10,15,0,1,0,1,0,0,0,0,2,5,0,0,0,0,0
damonjo01,2001,1,OAK,155,644,108,165,34,4,9,49,27,12,61,70,1,5,5,4,7
darenvi01,2001,1,FLO,59,0,0,0,0,0,0,0,0,0,0,0,0,0,0,0,0
darrmi02,2001,1,SDN,105,289,36,80,13,1,2,34,6,2,39,72,3,1,0,2,8
daubabr01,2001,1,BOS,122,407,54,107,28,3,22,71,1,0,53,108,7,5,1,6,10
davanje02,2001,1,ANA,40,88,7,17,2,1,5,9,1,3,11,29,0,0,0,1,1
davenjo01,2001,1,COL,7,1,0,1,0,0,0,0,0,0,0,0,0,0,0,0,0
daveyto01,2001,1,SDN,39,0,0,0,0,0,0,0,0,0,1,0,0,0,0,0,0
davisbe01,2001,1,SDN,138,448,56,107,20,0,11,57,4,4,66,112,5,4,1,7,13
davisdo02,2001,1,TEX,30,3,0,0,0,0,0,0,0,0,0,2,0,0,1,0,0
daviser01,2001,1,SFN,74,156,17,32,7,3,4,22,1,1,13,38,0,1,0,1,4
daviska01,2001,1,COL,57,5,0,0,0,0,0,0,0,0,0,5,0,0,0,0,0
davisla01,2001,1,CIN,21,33,3,4,1,0,0,2,0,0,0,15,0,0,4,0,0
davisru01,2001,1,SFN,53,167,16,43,13,1,7,17,1,0,17,49,2,1,2,2,5
dejeami01,2001,1,MIL,75,3,0,0,0,0,0,0,0,0,0,2,0,0,0,0,0
delarto01,2001,1,MON,1,1,0,0,0,0,0,0,0,0,0,0,0,0,0,0,0
delgaca01,2001,1,TOR,162,574,102,160,31,1,39,102,3,0,111,136,22,16,0,3,9
delgawi01,2001,1,KCA,14,25,1,3,0,0,0,1,0,0,3,10,0,0,0,0,1
delluda01,2001,1,ARI,115,217,28,60,10,2,10,40,2,1,22,52,4,2,0,0,2
delosva01,2001,1,MIL,1,0,0,0,0,0,0,0,0,0,0,0,0,0,0,0,0
dempsry01,2001,1,FLO,34,61,1,3,1,0,0,0,0,0,1,29,0,0,16,0,0
derosma01,2001,1,ATL,66,164,27,47,8,0,3,20,2,1,12,19,6,5,1,2,3
deshide01,2001,1,BAL,58,188,29,37,8,2,3,21,11,1,31,42,1,1,1,1,3
deshide01,2001,2,CHN,68,163,26,45,9,3,2,16,12,1,28,35,0,0,3,1,5
desseel01,2001,1,CIN,35,57,3,11,1,0,0,2,0,0,3,12,0,0,10,0,0
dewitma01,2001,1,TOR,16,0,0,0,0,0,0,0,0,0,0,0,0,0,0,0,0
diazei01,2001,1,CLE,134,437,54,121,34,1,4,56,1,2,17,44,0,16,8,0,11
dickera01,2001,1,TEX,4,0,0,0,0,0,0,0,0,0,0,0,0,0,0,0,0
difelmi01,2001,1,TBA,48,149,13,31,5,1,2,9,1,1,8,39,0,3,2,2,3
difelmi01,2001,2,ARI,12,21,1,1,0,0,0,1,0,0,0,10,0,1,1,0,0
dingmcr01,2001,1,COL,7,0,0,0,0,0,0,0,0,0,0,0,0,0,0,0,0
donnech01,2001,1,LAN,66,88,8,15,2,0,3,8,0,0,12,25,2,1,0,0,2
doteloc01,2001,1,HOU,61,11,0,1,0,0,0,0,0,0,0,5,0,0,1,0,0
douglse01,2001,1,BAL,4,0,0,0,0,0,0,0,0,0,0,0,0,0,0,0,0
dranske01,2001,1,TEX,4,3,0,0,0,0,0,0,0,0,0,0,0,0,0,0,0
dreifda01,2001,1,LAN,16,33,4,5,2,0,1,2,1,0,1,20,0,0,3,0,0
dresery01,2001,1,CLE,9,0,0,0,0,0,0,0,0,0,0,0,0,0,0,0,0
drewjd01,2001,1,SLN,109,375,80,121,18,5,27,73,13,3,57,75,4,4,3,4,6
drewti01,2001,1,CLE,8,0,0,0,0,0,0,0,0,0,0,0,0,0,0,0,0
duceyro01,2001,1,PHI,30,27,4,6,1,0,1,4,0,0,6,11,0,0,1,0,0
duceyro01,2001,2,MON,27,46,6,11,2,0,2,8,0,1,10,14,0,1,1,1,0
duchsju01,2001,1,TEX,5,0,0,0,0,0,0,0,0,0,0,0,0,0,0,0,0
duckwbr01,2001,1,PHI,11,22,1,5,1,0,0,1,0,0,2,4,0,0,2,0,1
duncaco01,2001,1,CHN,36,3,1,0,0,0,0,1,0,0,2,1,0,0,0,0,0
dunnad01,2001,1,CIN,66,244,54,64,18,1,19,43,4,2,38,74,2,4,0,0,4
dunstsh01,2001,1,SFN,88,186,26,52,10,3,9,25,3,1,2,32,0,2,2,1,2
dunwoto01,2001,1,CHN,33,61,6,13,4,0,1,3,0,1,3,14,0,0,0,0,0
durazer01,2001,1,ARI,92,175,34,47,11,0,12,38,0,0,28,49,1,2,0,2,1
durbich01,2001,1,KCA,29,1,0,0,0,0,0,0,0,0,0,0,0,0,1,0,0
durhara01,2001,1,CHA,152,611,104,163,42,10,20,65,23,10,64,110,3,4,6,6,10
duvalmi01,2001,1,MIN,8,0,0,0,0,0,0,0,0,0,0,0,0,0,0,0,0
dyeje01,2001,1,KCA,97,367,50,100,14,0,13,47,7,1,30,68,3,6,1,6,2
dyeje01,2001,2,OAK,61,232,41,69,17,1,13,59,2,0,27,44,3,1,0,5,6
easleda01,2001,1,DET,154,585,77,146,27,7,11,65,10,5,52,90,3,13,4,4,10
eatonad01,2001,1,SDN,23,38,3,4,1,0,0,2,1,0,4,12,0,0,2,0,0
echevan01,2001,1,MIL,75,133,12,34,11,0,5,13,0,1,8,29,0,3,0,1,2
eckstda01,2001,1,ANA,153,582,82,166,26,2,4,41,29,4,43,60,0,21,16,2,11
edmonji01,2001,1,SLN,150,500,95,152,38,1,30,110,5,5,93,136,12,4,1,10,8
eischjo01,2001,1,MON,24,0,0,0,0,0,0,0,0,0,0,0,0,0,0,0,0
elartsc01,2001,1,HOU,20,30,1,2,0,0,0,2,0,0,1,8,0,3,5,0,1
elartsc01,2001,2,COL,4,8,0,1,0,0,0,0,0,0,0,2,0,0,0,0,1
eldreca01,2001,1,CHA,2,0,0,0,0,0,0,0,0,0,0,0,0,0,0,0,0
ellisro02,2001,1,ARI,19,26,2,4,0,0,0,1,0,0,1,12,0,0,1,0,0
embreal01,2001,1,SFN,22,1,0,0,0,0,0,0,0,0,0,0,0,0,0,0,0
embreal01,2001,2,CHA,39,0,0,0,0,0,0,0,0,0,0,0,0,0,0,0,0
encarju01,2001,1,DET,120,417,52,101,19,7,12,52,9,5,25,93,1,6,5,4,9
encarma01,2001,1,COL,20,62,3,14,1,0,0,3,2,1,5,14,0,0,0,0,3
erdosto01,2001,1,BOS,10,0,0,0,0,0,0,0,0,0,0,0,0,0,0,0,0
erstada01,2001,1,ANA,157,631,89,163,35,1,9,63,24,10,62,113,7,10,1,7,8
escobal01,2001,1,NYN,18,50,3,10,1,0,3,8,1,0,3,19,0,0,0,0,1
escobke01,2001,1,TOR,59,0,0,0,0,0,0,0,0,0,0,0,0,0,0,0,0
estalbo02,2001,1,SFN,29,93,11,19,5,1,3,10,0,0,11,28,2,1,0,0,2
estalbo02,2001,2,NYA,3,4,1,0,0,0,0,0,0,0,1,2,0,1,0,0,0
estessh01,2001,1,SFN,27,42,2,3,0,0,0,1,0,0,3,11,0,0,6,1,1
estraho01,2001,1,COL,4,0,0,0,0,0,0,0,0,0,0,0,0,0,0,0,0
estrajo01,2001,1,PHI,89,298,26,68,15,0,8,37,0,0,16,32,6,4,2,4,15
eusebto01,2001,1,HOU,59,154,16,39,8,0,5,14,0,0,17,34,3,3,0,0,2
everead01,2001,1,HOU,9,3,1,0,0,0,0,0,1,0,0,1,0,0,0,0,0
evereca01,2001,1,BOS,102,409,61,105,24,4,14,58,9,2,27,104,3,13,0,0,3
eyresc01,2001,1,TOR,17,0,0,0,0,0,0,0,0,0,0,0,0,0,0,0,0
fabrejo01,2001,1,ANA,53,148,9,33,4,2,2,16,0,0,3,15,0,0,4,2,5
farnsky01,2001,1,CHN,76,2,0,0,0,0,0,0,0,0,0,2,0,0,0,0,0
fasansa01,2001,1,OAK,11,21,2,1,0,0,0,0,0,0,1,12,0,1,0,0,1
fasansa01,2001,2,KCA,3,1,0,0,0,0,0,0,0,0,0,0,0,0,0,0,1
fasansa01,2001,3,COL,25,63,10,16,5,0,3,9,0,0,4,19,0,3,2,0,1
fasseje01,2001,1,CHN,82,2,0,0,0,0,0,0,0,0,0,2,0,0,0,0,0
febleca01,2001,1,KCA,79,292,45,69,9,2,8,25,5,2,22,58,0,1,1,1,7
felizpe01,2001,1,SFN,94,220,23,50,9,1,7,22,2,1,10,50,2,2,3,3,5
fernaja01,2001,1,CIN,5,2,0,0,0,0,0,0,0,0,0,0,0,0,0,0,0
fernajo01,2001,1,ANA,13,25,1,2,1,0,0,0,0,1,2,10,0,0,0,0,0
fernaos01,2001,1,CIN,20,19,1,1,0,0,0,0,0,0,1,8,0,0,3,0,0
fernato01,2001,1,MIL,28,64,6,18,0,0,1,3,1,2,7,9,0,0,1,0,1
fernato01,2001,2,TOR,48,59,5,18,4,0,1,12,0,1,1,8,0,1,0,1,2
fettemi01,2001,1,LAN,34,0,0,0,0,0,0,0,0,0,0,0,0,0,0,0,0
fettemi01,2001,2,PIT,20,0,0,0,0,0,0,0,0,0,0,0,0,0,0,0,0
fickro01,2001,1,DET,124,401,62,109,21,2,19,61,0,3,39,62,3,4,0,4,10
figuelu01,2001,1,PIT,4,2,0,0,0,0,0,0,0,0,0,0,0,0,0,0,0
figuene01,2001,1,PHI,19,24,4,6,1,0,0,1,0,0,1,11,0,0,1,0,0
fikacje01,2001,1,SDN,23,0,0,0,0,0,0,0,0,0,0,0,0,0,0,0,0
filebo01,2001,1,TOR,60,0,0,0,0,0,0,0,0,0,0,0,0,0,0,0,0
finlech01,2001,1,CLE,22,0,0,0,0,0,0,0,0,0,0,0,0,0,0,0,0
finlest01,2001,1,ARI,140,495,66,136,27,4,14,73,11,7,47,67,9,1,2,3,8
fioreto01,2001,1,TBA,3,0,0,0,0,0,0,0,0,0,0,0,0,0,0,0,0
fioreto01,2001,2,MIN,4,0,0,0,0,0,0,0,0,0,0,0,0,0,0,0,0
flahejo01,2001,1,TBA,78,248,20,59,17,1,4,29,1,0,10,33,1,1,5,1,9
fletcda01,2001,1,TOR,134,416,36,94,20,0,11,56,0,1,24,43,4,6,1,6,18
floribr01,2001,1,BOS,7,0,0,0,0,0,0,0,0,0,0,0,0,0,0,0,0
floydcl01,2001,1,FLO,149,555,123,176,44,4,31,103,18,3,59,101,19,10,0,5,9
foggjo01,2001,1,CHA,11,0,0,0,0,0,0,0,0,0,0,0,0,0,0,0,0
forbepj01,2001,1,PHI,3,7,1,2,0,0,0,1,0,0,0,2,0,0,0,0,0
fordybr01,2001,1,BAL,95,292,30,61,18,0,5,19,1,2,21,56,1,3,3,1,7
fossuca01,2001,1,BOS,13,0,0,0,0,0,0,0,0,0,0,0,0,0,0,0,0
fosteke01,2001,1,TEX,9,0,0,0,0,0,0,0,0,0,0,0,0,0,0,0,0
fostekr01,2001,1,BAL,7,0,0,0,0,0,0,0,0,0,0,0,0,0,0,0,0
foulkke01,2001,1,CHA,72,0,0,0,0,0,0,0,0,0,0,0,0,0,0,0,0
foxan01,2001,1,FLO,54,81,8,15,0,1,3,7,1,0,15,17,1,2,0,0,2
foxch02,2001,1,MIL,65,3,0,0,0,0,0,0,0,0,0,1,0,0,0,0,0
francjo01,2001,1,NYN,58,0,0,0,0,0,0,0,0,0,0,0,0,0,0,0,0
francju01,2001,1,ATL,25,90,13,27,4,0,3,11,0,0,10,20,1,1,0,0,3
frankry01,2001,1,SEA,38,0,0,0,0,0,0,0,0,0,0,0,0,0,0,0,0
frankwa01,2001,1,HOU,11,0,0,0,0,0,0,0,0,0,0,0,0,0,0,0,0
frascjo01,2001,1,TOR,12,0,0,0,0,0,0,0,0,0,0,0,0,0,0,0,0
freelry01,2001,1,TOR,9,22,1,6,1,0,0,3,2,1,1,4,0,1,0,0,0
fryeje01,2001,1,TOR,74,175,24,43,6,1,2,15,2,1,12,18,0,3,4,0,2
frymatr01,2001,1,CLE,98,334,34,88,15,0,3,38,1,2,30,63,1,3,0,3,8
fuentbr01,2001,1,SEA,10,0,0,0,0,0,0,0,0,0,0,0,0,0,0,0,0
fullmbr01,2001,1,TOR,146,522,71,143,31,2,18,83,5,2,38,88,8,6,0,7,13
fultzaa01,2001,1,SFN,66,5,1,2,0,0,0,0,0,0,0,0,0,0,0,0,0
furcara01,2001,1,ATL,79,324,39,89,19,0,4,30,22,6,24,56,1,1,4,6,5
fyhrimi01,2001,1,CHN,15,2,0,0,0,0,0,0,0,0,0,0,0,0,0,0,0
fyhrimi01,2001,2,OAK,3,0,0,0,0,0,0,0,0,0,0,0,0,0,0,0,0
gagneer01,2001,1,LAN,33,44,3,6,2,1,1,2,0,1,1,13,0,0,6,0,2
galaran01,2001,1,TEX,72,243,33,57,16,0,10,34,1,0,18,68,1,9,0,1,9
galaran01,2001,2,SFN,49,156,17,45,12,1,7,35,0,3,13,49,1,3,0,2,3
gandagu01,2001,1,MIL,16,0,0,0,0,0,0,0,0,0,0,0,0,0,0,0,0
gantro01,2001,1,COL,59,171,31,44,8,2,8,22,3,1,24,56,2,0,2,2,0
gantro01,2001,2,OAK,34,81,15,21,5,1,2,13,2,0,11,24,0,0,0,1,0
garceri01,2001,1,BOS,62,2,0,0,0,0,0,0,0,0,0,1,0,0,0,0,1
garcifr02,2001,1,SEA,34,7,0,1,0,0,0,0,0,0,0,4,0,0,2,0,0
garcije01,2001,1,ATL,22,5,3,1,0,0,0,0,6,2,0,1,0,0,1,0,0
garcika01,2001,1,CLE,20,45,8,14,3,0,5,9,0,0,3,13,0,1,0,1,1
garcino01,2001,1,BOS,21,83,13,24,3,0,4,8,0,1,7,9,0,1,0,0,1
gardnma01,2001,1,SFN,23,21,1,0,0,0,0,1,0,0,1,8,0,0,4,0,0
garlajo01,2001,1,CHA,35,2,0,0,0,0,0,0,0,0,0,1,0,0,0,0,0
georgch02,2001,1,KCA,13,0,0,0,0,0,0,0,0,0,0,0,0,0,0,0,0
giambja01,2001,1,OAK,154,520,109,178,47,2,38,120,2,0,129,83,24,13,0,9,17
giambje01,2001,1,OAK,124,371,64,105,26,0,12,57,0,1,63,83,1,4,3,2,13
gibboja01,2001,1,BAL,73,225,27,53,10,0,15,36,0,1,17,39,0,4,0,0,7
gilbe01,2001,1,ANA,104,260,33,77,15,4,8,39,3,4,14,57,0,0,2,2,6
gilesbr02,2001,1,PIT,160,576,116,178,37,7,37,95,13,6,90,67,14,4,0,4,10
gilesma01,2001,1,ATL,68,244,36,64,10,2,9,31,2,5,28,37,0,0,1,0,8
gilge01,2001,1,BAL,17,58,3,17,2,0,0,6,0,0,5,7,0,2,1,0,1
gilkebe01,2001,1,ATL,69,106,8,29,6,0,2,14,0,1,11,31,0,1,0,3,4
ginteke01,2001,1,HOU,1,1,0,0,0,0,0,0,0,0,0,0,0,0,0,0,0
gintema01,2001,1,CHA,20,0,0,0,0,0,0,0,0,0,0,0,0,0,0,0,0
gipsoch01,2001,1,SEA,94,64,16,14,2,2,0,5,1,1,4,20,0,2,1,1,2
girarjo01,2001,1,CHN,78,229,22,58,10,1,3,25,0,1,21,50,4,0,2,1,2
glanvdo01,2001,1,PHI,153,634,74,166,24,3,14,55,28,6,19,91,1,4,10,7,7
glaustr01,2001,1,ANA,161,588,100,147,38,2,41,108,10,3,107,158,7,6,0,7,16
glavito02,2001,1,ATL,35,57,4,8,2,0,0,2,0,0,4,21,0,0,17,0,0
glovega01,2001,1,CHA,46,0,0,0,0,0,0,0,0,0,0,0,0,0,0,0,0
glynnry01,2001,1,TEX,12,0,0,0,0,0,0,0,0,0,0,0,0,0,0,0,0
gomeswa01,2001,1,PHI,42,1,0,1,0,0,0,1,0,0,1,0,0,0,0,0,0
gomeswa01,2001,2,SFN,13,0,0,0,0,0,0,0,0,0,0,0,0,0,0,0,0
gomezch02,2001,1,SDN,40,112,6,21,3,0,0,7,1,0,9,14,0,0,2,2,5
gomezch02,2001,2,TBA,58,189,31,57,16,0,8,36,3,0,8,24,0,2,4,3,4
gonzaal01,2001,1,TOR,154,636,79,161,25,5,17,76,18,11,43,149,0,7,7,10,16
gonzaal02,2001,1,FLO,145,515,57,129,36,1,9,48,2,2,30,107,6,10,3,3,13
gonzadi01,2001,1,NYN,16,20,1,2,0,0,0,0,0,0,1,4,0,0,1,0,0
gonzaju03,2001,1,CLE,140,532,97,173,34,1,35,140,1,0,41,94,5,6,0,16,18
gonzalu01,2001,1,ARI,162,609,128,198,36,7,57,142,1,1,100,83,24,14,0,5,14
gonzara01,2001,1,CIN,11,14,0,3,0,0,0,0,0,0,1,3,0,0,0,0,0
gonzawi01,2001,1,SDN,64,160,16,44,6,0,8,27,2,0,11,28,1,4,0,1,3
goodwto01,2001,1,LAN,105,286,51,66,8,5,4,22,22,8,23,58,0,0,1,2,3
gordoto01,2001,1,CHN,47,0,0,0,0,0,0,0,0,0,0,0,0,0,0,0,0
gracema01,2001,1,ARI,145,476,66,142,31,2,15,78,1,0,67,36,6,4,1,5,7
graffto01,2001,1,CHA,74,145,23,44,9,0,2,15,4,1,16,29,0,1,4,3,4
graveda01,2001,1,CIN,66,4,1,1,0,0,1,2,0,0,0,2,0,0,0,0,0
grebecr01,2001,1,BOS,23,41,1,2,1,0,0,2,0,0,2,9,0,0,0,0,0
greensh01,2001,1,LAN,161,619,121,184,31,4,49,125,20,4,72,107,10,5,0,5,10
greenst01,2001,1,ANA,1,0,0,0,0,0,0,0,0,0,0,0,0,0,0,0,0
greento02,2001,1,NYA,35,96,9,20,4,0,1,11,0,0,3,21,0,1,0,0,3
greerru01,2001,1,TEX,62,245,38,67,23,0,7,29,1,2,27,32,1,1,1,5,5
grievbe01,2001,1,TBA,154,542,72,143,30,2,11,72,7,1,87,159,2,8,0,2,13
griffke02,2001,1,CIN,111,364,57,104,20,2,22,65,2,0,44,72,6,4,1,4,8
grillja01,2001,1,FLO,6,7,1,2,0,0,1,2,0,0,0,2,0,0,2,0,0
grimsja01,2001,1,KCA,73,0,0,0,0,0,0,0,0,0,0,0,0,0,0,0,0
grissma02,2001,1,LAN,135,448,56,99,17,1,21,60,7,5,16,107,0,2,0,2,12
groombu01,2001,1,BAL,70,0,0,0,0,0,0,0,0,0,0,0,0,0,0,0,0
grudzma01,2001,1,LAN,133,539,83,146,21,3,13,55,4,4,28,83,0,11,3,5,9
guarded01,2001,1,MIN,67,0,0,0,0,0,0,0,0,0,0,0,0,0,0,0,0
guerrvl01,2001,1,MON,159,599,107,184,45,4,34,108,37,16,60,88,24,9,0,3,24
guerrwi01,2001,1,CIN,60,142,16,48,5,1,1,8,5,2,3,17,0,0,2,0,1
guillca01,2001,1,SEA,140,456,72,118,21,4,5,53,4,1,53,89,0,1,7,6,9
guilljo01,2001,1,TBA,41,135,14,37,5,0,3,11,2,3,6,26,2,3,0,1,2
gulanmi01,2001,1,FLO,6,6,1,0,0,0,0,0,0,0,2,2,0,0,0,0,0
guthrma01,2001,1,OAK,54,0,0,0,0,0,0,0,0,0,0,0,0,0,0,0,0
gutieri01,2001,1,CHN,147,528,76,153,23,3,10,66,4,3,40,56,0,10,17,11,13
guzmacr01,2001,1,MIN,118,493,80,149,28,14,10,51,25,8,21,78,0,5,8,0,6
guzmaed01,2001,1,SFN,61,115,8,28,6,0,3,7,0,0,5,16,2,0,0,1,2
guzmage01,2001,1,ARI,4,1,0,0,0,0,0,0,0,0,0,1,0,0,0,0,0
gwynnto01,2001,1,SDN,71,102,5,33,9,1,1,17,1,0,10,9,1,0,0,0,1
hackmlu01,2001,1,SLN,35,1,0,0,0,0,0,0,0,0,0,0,0,0,2,0,0
hairsje02,2001,1,BAL,159,532,63,124,25,5,8,47,29,11,44,73,0,13,9,4,12
halamjo01,2001,1,SEA,31,1,0,0,0,0,0,0,0,0,0,0,0,0,1,0,0
hallaro01,2001,1,TOR,17,1,0,0,0,0,0,0,0,0,0,0,0,0,1,0,0
hallto02,2001,1,TBA,49,188,28,56,16,0,4,30,2,2,4,16,0,3,0,1,5
haltesh01,2001,1,DET,136,450,53,128,32,7,12,65,3,3,37,100,2,7,7,6,14
hamilda02,2001,1,NYN,52,126,15,27,7,1,1,5,3,1,19,20,3,2,2,2,2
hamiljo02,2001,1,TOR,22,3,0,1,1,0,0,1,0,0,0,1,0,0,0,0,0
hamiljo02,2001,2,CIN,4,5,0,0,0,0,0,0,0,0,0,4,0,0,0,0,0
hammoje01,2001,1,MIL,49,174,20,43,11,1,6,21,5,3,14,42,1,4,0,2,2
hamptmi01,2001,1,COL,43,79,20,23,2,0,7,16,0,1,2,21,0,0,5,0,1
hanseda01,2001,1,LAN,92,140,13,33,10,0,2,20,0,1,32,29,5,0,0,3,3
harnipe01,2001,1,CIN,8,11,2,3,1,0,0,0,0,0,0,5,0,0,1,0,0
harpetr01,2001,1,TBA,2,0,0,0,0,0,0,0,0,0,0,0,0,0,0,0,0
harrile01,2001,1,NYN,110,135,12,30,5,1,0,9,3,2,8,9,0,0,0,0,3
harriwi01,2001,1,BAL,9,24,3,3,1,0,0,0,0,0,0,7,0,0,1,0,0
harveke01,2001,1,KCA,4,12,1,3,1,0,0,2,0,1,0,4,0,0,0,0,1
harvich01,2001,1,OAK,3,0,0,0,0,0,0,0,0,0,0,0,0,0,0,0,0
hasegsh01,2001,1,ANA,46,0,0,0,0,0,0,0,0,0,0,0,0,0,0,0,0
haselbi01,2001,1,TEX,47,130,12,37,6,0,3,25,0,1,8,27,0,1,1,0,5
hattesc01,2001,1,BOS,94,278,34,68,19,0,3,25,1,1,33,26,0,4,0,1,7
hawkila01,2001,1,MIN,62,0,0,0,0,0,0,0,0,0,0,0,0,0,0,0,0
hayesch01,2001,1,HOU,31,50,4,10,2,0,0,4,0,0,7,16,1,0,0,1,1
hayneji01,2001,1,MIL,32,52,5,8,2,0,0,0,0,0,2,16,0,0,5,0,0
helliri01,2001,1,TEX,34,4,0,0,0,0,0,0,0,0,0,1,0,0,0,0,0
helmswe01,2001,1,ATL,100,216,28,48,10,3,10,36,1,1,21,56,2,1,0,1,3
heltoto01,2001,1,COL,159,587,132,197,54,2,49,146,7,5,98,104,15,5,1,5,14
henderi01,2001,1,SDN,123,379,70,86,17,3,8,42,25,7,81,84,0,3,0,2,8
henrydo01,2001,1,KCA,53,0,0,0,0,0,0,0,0,0,0,0,0,0,0,0,0
hentgpa01,2001,1,BAL,9,0,0,0,0,0,0,0,0,0,0,0,0,0,0,0,0
heredfe01,2001,1,CHN,48,1,0,0,0,0,0,0,0,0,0,1,0,0,0,0,0
heredgi01,2001,1,OAK,24,3,0,1,0,0,0,0,0,0,0,0,0,0,0,0,0
hergema01,2001,1,LAN,75,9,0,4,0,0,0,1,0,0,0,3,0,0,1,0,0
hermach01,2001,1,PIT,22,55,5,9,1,0,2,5,0,1,1,18,0,0,0,0,0
hermadu01,2001,1,SLN,34,62,2,5,1,0,0,3,0,0,2,30,0,0,5,0,1
hernaad01,2001,1,NYA,6,0,0,0,0,0,0,0,0,0,0,0,0,0,0,0,0
hernaal01,2001,1,PIT,7,11,0,1,0,0,0,0,0,0,0,2,0,0,0,0,1
hernaca03,2001,1,HOU,3,5,0,1,0,0,0,0,0,0,0,2,0,0,1,0,0
hernajo01,2001,1,MIL,152,542,67,135,26,2,25,78,5,4,39,185,8,2,5,4,9
hernali01,2001,1,SFN,35,81,7,24,4,0,1,8,0,0,0,4,0,0,4,0,4
hernaor01,2001,1,NYA,17,0,0,0,0,0,0,0,0,0,0,0,0,0,0,0,0
hernara02,2001,1,OAK,136,453,55,115,25,0,15,60,1,1,37,68,3,6,9,4,10
hernaro01,2001,1,KCA,63,0,0,0,0,0,0,0,0,0,0,0,0,0,0,0,0
herndju01,2001,1,SDN,12,12,0,0,0,0,0,0,0,0,0,11,0,0,1,0,0
hiattph01,2001,1,LAN,30,50,6,12,3,0,2,6,0,0,3,19,1,0,0,0,0
hidalri01,2001,1,HOU,146,512,70,141,29,3,19,80,3,5,54,107,3,16,0,11,15
higgibo02,2001,1,DET,147,541,84,150,28,6,17,71,20,12,80,65,3,2,1,9,8
hiljuer01,2001,1,OAK,16,0,0,0,0,0,0,0,0,0,0,0,0,0,0,0,0
hillesh02,2001,1,BOS,139,468,52,123,20,2,12,49,3,4,13,61,3,7,1,4,12
hillgl01,2001,1,ANA,16,66,4,9,0,0,1,2,0,0,0,20,0,0,0,0,3
hillke01,2001,1,TBA,5,0,0,0,0,0,0,0,0,0,0,0,0,0,0,0,0
hinchaj01,2001,1,KCA,45,121,10,19,3,0,6,15,1,1,8,26,1,3,1,1,5
hinchbr01,2001,1,NYN,1,1,0,0,0,0,0,0,0,0,0,1,0,0,0,0,0
hitchst01,2001,1,SDN,3,8,1,1,0,0,0,1,0,0,0,6,0,0,0,0,0
hitchst01,2001,2,NYA,10,0,0,0,0,0,0,0,0,0,0,0,0,0,0,0,0
hockide01,2001,1,MIN,112,327,34,82,16,2,3,25,6,1,29,67,1,2,4,1,7
hoffmtr01,2001,1,SDN,62,4,0,0,0,0,0,0,0,0,0,1,0,0,0,0,0
hollato01,2001,1,COL,33,117,21,43,15,1,6,19,5,0,8,20,2,0,0,0,1
hollida01,2001,1,CLE,2,5,0,1,0,0,0,0,0,0,1,2,0,0,1,0,0
holtch01,2001,1,DET,30,4,0,1,1,0,0,0,0,0,0,3,0,0,0,0,0
holtzmi01,2001,1,ANA,63,0,0,0,0,0,0,0,0,0,0,0,0,0,0,0,0
hoovepa01,2001,1,TBA,3,4,1,1,0,0,0,0,0,0,0,1,0,0,0,0,0
houstty01,2001,1,MIL,75,235,36,68,7,0,12,38,0,0,18,62,1,1,2,0,3
howrybo01,2001,1,CHA,69,0,0,0,0,0,0,0,0,0,0,0,0,0,0,0,0
hubbami01,2001,1,TEX,5,11,1,3,1,0,1,1,0,0,0,4,0,0,0,0,0
hubbatr01,2001,1,KCA,5,12,2,3,0,1,0,0,0,0,0,2,0,0,0,0,0
huckake01,2001,1,ARI,1,1,0,0,0,0,0,0,0,0,0,1,0,0,0,0,0
hudsoti01,2001,1,OAK,36,8,1,0,0,0,0,0,0,0,0,3,0,0,0,0,0
huffau01,2001,1,TBA,111,411,42,102,25,1,8,45,1,3,23,72,2,0,0,0,18
hundlto01,2001,1,CHN,79,246,23,46,10,0,12,31,0,0,25,89,0,3,0,2,7
huntebr02,2001,1,PHI,83,145,22,40,6,0,2,16,14,3,16,25,0,0,3,2,3
hunteto01,2001,1,MIN,148,564,82,147,32,5,27,92,9,6,29,125,0,8,1,1,12
hutchch01,2001,1,SLN,3,1,0,0,0,0,0,0,0,0,0,0,0,0,0,0,0
hyzduad01,2001,1,PIT,51,72,7,15,1,0,5,9,0,1,4,18,0,1,0,0,1
ibanera01,2001,1,KCA,104,279,44,78,11,5,13,54,0,2,32,51,2,0,0,1,6
ingebr01,2001,1,DET,79,189,13,34,11,0,0,15,1,4,9,41,0,0,2,2,2
irabuhi01,2001,1,MON,3,3,0,0,0,0,0,0,0,0,0,0,0,0,0,0,0
isrinja01,2001,1,OAK,65,0,0,0,0,0,0,0,0,0,0,0,0,0,0,0,0
izturce01,2001,1,TOR,46,134,19,36,6,2,2,9,8,1,2,15,0,0,4,0,0
jacksda04,2001,1,SDN,122,440,67,106,21,6,4,38,23,6,44,128,2,6,2,3,6
jacksmi02,2001,1,HOU,67,1,0,0,0,0,0,0,0,0,0,0,0,0,0,0,0
jacksry01,2001,1,DET,79,118,19,25,4,2,2,11,3,1,5,26,0,1,2,0,1
jahajo01,2001,1,OAK,12,45,2,4,3,0,0,8,0,0,6,15,0,0,0,1,3
jamesmi01,2001,1,SLN,40,1,0,0,0,0,0,0,0,0,0,0,0,0,0,0,0
jarvike01,2001,1,SDN,34,61,8,11,3,0,1,10,0,1,5,20,0,1,5,2,2
javiest01,2001,1,SEA,89,281,44,82,14,1,4,33,11,1,36,47,1,2,3,1,8
jenkige01,2001,1,MIL,105,397,60,105,21,1,20,63,4,2,36,120,7,8,0,5,11
jennija01,2001,1,COL,7,15,2,4,1,0,1,2,0,0,1,3,0,0,1,0,0
jenniro01,2001,1,OAK,20,52,4,13,3,0,0,4,0,0,2,6,0,0,0,1,0
jenniro01,2001,2,COL,1,3,0,0,0,0,0,0,0,0,0,1,0,0,0,0,0
jenniro01,2001,3,CIN,27,77,10,22,5,2,3,14,0,0,5,11,1,0,0,0,0
jensema01,2001,1,BOS,1,4,0,1,0,0,0,0,0,0,0,1,0,0,0,0,0
jensema01,2001,2,TEX,11,25,0,4,1,0,0,2,0,0,0,9,0,0,0,0,1
jensery01,2001,1,SFN,10,12,0,2,0,0,0,2,0,0,1,3,0,0,0,0,0
jeterde01,2001,1,NYA,150,614,110,191,35,3,21,74,27,3,56,99,3,10,5,1,13
jimenda01,2001,1,SDN,86,308,45,85,19,0,3,33,2,3,39,68,4,0,0,2,9
jimenjo01,2001,1,COL,56,1,0,0,0,0,0,0,0,0,0,0,0,0,0,0,0
jodiebr01,2001,1,NYA,1,0,0,0,0,0,0,0,0,0,0,0,0,0,0,0,0
jodiebr01,2001,2,SDN,7,4,0,0,0,0,0,0,0,0,0,2,0,0,0,0,0
johnsad01,2001,1,MIN,7,2,0,0,0,0,0,0,0,0,0,0,0,0,0,0,1
johnsbr01,2001,1,LAN,3,4,0,1,0,0,0,1,0,0,0,1,0,0,0,0,0
johnsch04,2001,1,FLO,128,451,51,117,32,0,18,75,0,0,38,133,2,4,0,3,8
johnsja02,2001,1,BAL,32,3,0,1,0,0,0,0,0,0,1,2,0,0,0,0,0
johnsjo08,2001,1,TEX,5,0,0,0,0,0,0,0,0,0,0,0,0,0,0,0,0
johnsma01,2001,1,NYN,71,118,17,30,6,1,6,23,0,2,16,31,1,0,0,2,0
johnsma02,2001,1,CHA,61,173,21,43,6,1,5,18,2,1,23,31,1,2,10,3,5
johnsmi02,2001,1,MON,10,1,0,0,0,0,0,0,0,0,0,1,0,0,0,0,0
johnsni01,2001,1,NYA,23,67,6,13,2,0,2,8,0,0,7,15,0,4,0,0,3
johnsra05,2001,1,ARI,35,80,2,8,0,0,0,2,0,0,3,38,0,1,7,0,3
johnsru01,2001,1,TBA,85,248,32,73,19,2,4,33,2,2,34,57,0,1,4,1,2
jonesan01,2001,1,ATL,161,625,104,157,25,2,34,104,11,4,56,142,3,3,0,9,10
jonesbo03,2001,1,SDN,33,57,5,8,2,0,0,1,0,0,3,18,0,0,2,0,1
jonesch06,2001,1,ATL,159,572,113,189,33,5,38,102,9,10,98,82,20,2,0,5,13
jonesja04,2001,1,MIN,149,475,57,131,25,0,14,49,12,9,39,92,2,3,2,0,10
joneste02,2001,1,MON,30,77,8,20,5,0,0,2,3,0,2,11,0,0,0,0,2
jonesto02,2001,1,DET,45,0,0,0,0,0,0,0,0,0,0,0,0,0,0,0,0
jonesto02,2001,2,MIN,24,0,0,0,0,0,0,0,0,0,0,0,0,0,0,0,0
jordabr01,2001,1,ATL,148,560,82,165,32,3,25,97,3,2,31,88,3,6,0,8,18
jordake01,2001,1,PHI,68,113,9,27,5,0,1,13,0,0,14,21,2,0,0,0,1
joynewa01,2001,1,ANA,53,148,14,36,5,1,3,14,1,1,13,18,0,0,0,0,3
juddmi01,2001,1,TBA,8,0,0,0,0,0,0,0,0,0,0,0,0,0,0,0,0
juddmi01,2001,2,TEX,4,1,0,0,0,0,0,0,0,0,0,1,0,0,0,0,0
juliojo01,2001,1,BAL,18,0,0,0,0,0,0,0,0,0,0,0,0,0,0,0,0
justida01,2001,1,NYA,111,381,58,92,16,1,18,51,1,2,54,83,5,0,0,4,6
kaplega01,2001,1,TEX,134,483,77,129,29,1,17,72,23,6,61,70,2,3,2,7,10
karnuja01,2001,1,SLN,4,0,0,0,0,0,0,0,0,0,0,0,0,0,0,0,0
karroer01,2001,1,LAN,121,438,42,103,22,0,15,63,3,1,41,101,2,3,0,3,15
karsast01,2001,1,CLE,31,0,0,0,0,0,0,0,0,0,0,0,0,0,0,0,0
karsast01,2001,2,ATL,43,2,0,0,0,0,0,0,0,0,0,1,0,0,0,0,0
keislra01,2001,1,NYA,10,2,0,0,0,0,0,0,0,0,0,0,0,0,0,0,0
kendaja01,2001,1,PIT,157,606,84,161,22,2,10,53,13,14,44,48,4,20,0,2,18
kennead01,2001,1,ANA,137,478,48,129,25,3,6,40,12,7,27,71,3,11,7,9,7
kennejo04,2001,1,TBA,20,4,1,1,0,0,0,0,0,0,0,2,0,0,0,0,0
kentje01,2001,1,SFN,159,607,84,181,49,6,22,106,7,6,65,96,4,11,0,13,11
kieltbo01,2001,1,MIN,37,104,8,26,8,0,2,14,3,0,8,25,2,1,0,5,2
kiescbr01,2001,1,COL,35,42,5,10,2,1,3,9,0,0,3,13,0,0,0,0,1
kileda01,2001,1,SLN,34,71,5,9,4,0,1,4,0,0,5,33,0,0,5,0,0
kimby01,2001,1,ARI,78,6,0,1,0,0,0,2,0,0,0,2,0,0,0,0,0
kimsu01,2001,1,BOS,20,0,0,0,0,0,0,0,0,0,0,0,0,0,0,0,0
kingra01,2001,1,MIL,82,2,0,0,0,0,0,0,0,0,0,1,0,0,0,0,0
kingsge01,2001,1,BAL,3,4,0,0,0,0,0,0,1,1,0,2,0,0,0,0,0
kingsge01,2001,2,SEA,10,15,4,5,0,0,0,1,2,0,2,2,0,1,0,0,1
kinkami01,2001,1,BAL,61,160,19,44,5,0,4,16,2,1,14,31,0,3,0,0,8
kleskry01,2001,1,SDN,146,538,105,154,34,6,30,113,23,4,88,89,7,3,0,9,16
klinest02,2001,1,SLN,89,2,0,1,0,0,0,0,0,0,0,1,0,0,0,0,0
knighbr01,2001,1,NYA,4,0,0,0,0,0,0,0,0,0,0,0,0,0,0,0,0
knoblch01,2001,1,NYA,137,521,66,130,20,3,9,44,38,9,58,73,1,14,5,2,10
knorrra01,2001,1,MON,34,91,13,20,2,0,3,10,0,0,8,22,0,1,2,1,4
knotter01,2001,1,ARI,3,1,0,0,0,0,0,0,0,0,0,1,0,0,0,0,0
knottga01,2001,1,FLO,2,2,0,1,0,0,0,0,0,0,0,0,0,0,0,0,0
kochbi01,2001,1,TOR,69,0,0,0,0,0,0,0,0,0,0,0,0,0,0,0,0
kohlmry01,2001,1,BAL,34,0,0,0,0,0,0,0,0,0,0,0,0,0,0,0,0
kolbbr01,2001,1,MIL,10,1,0,0,0,0,0,0,0,0,0,0,0,0,0,0,0
kolbda01,2001,1,TEX,17,0,0,0,0,0,0,0,0,0,0,0,0,0,0,0,0
konerpa01,2001,1,CHA,156,582,92,164,35,0,32,99,1,0,54,89,6,9,0,5,17
koplomi01,2001,1,ARI,9,1,0,0,0,0,0,0,0,0,0,1,0,0,0,0,0
koskico01,2001,1,MIN,153,562,100,155,37,2,26,103,27,6,68,118,9,12,0,7,16
kotsama01,2001,1,SDN,119,406,67,118,29,1,10,58,13,5,48,58,1,2,1,3,11
kreutch01,2001,1,LAN,73,191,21,41,11,1,6,17,0,0,41,52,2,1,0,1,5
lakerti01,2001,1,CLE,16,33,5,6,0,0,1,5,0,0,6,8,0,0,1,0,1
lambmi01,2001,1,TEX,76,284,42,87,18,0,4,35,2,1,14,27,1,5,1,2,6
lampkto01,2001,1,SEA,79,204,28,46,10,0,5,22,1,0,18,41,1,7,1,1,4
lankfra01,2001,1,SLN,91,264,38,62,18,3,15,39,4,2,44,105,8,2,1,3,4
lankfra01,2001,2,SDN,40,125,20,36,10,1,4,19,6,0,18,40,1,2,0,0,2
lansimi01,2001,1,BOS,106,352,45,88,23,0,8,34,3,3,22,50,1,1,4,3,7
larkiba01,2001,1,CIN,45,156,29,40,12,0,2,17,3,2,27,25,2,2,0,0,2
larsobr01,2001,1,CIN,14,33,2,4,2,0,0,1,0,0,2,10,0,0,0,0,1
larueja01,2001,1,CIN,121,364,39,86,21,2,12,43,3,3,27,106,4,9,1,2,11
lathach01,2001,1,TOR,43,73,12,20,3,1,2,10,4,1,10,28,1,1,0,0,1
lawrebr02,2001,1,SDN,27,26,0,3,2,0,0,3,0,0,0,7,0,0,2,1,0
lawtoma02,2001,1,MIN,103,376,71,110,25,0,10,51,19,6,63,46,6,3,0,2,14
lawtoma02,2001,2,NYN,48,183,24,45,11,1,3,13,10,2,22,34,0,8,0,0,2
leachja01,2001,1,SFN,8,10,0,1,0,0,0,1,0,0,2,3,0,0,0,0,0
lecroma01,2001,1,MIN,15,40,6,17,5,0,3,12,0,1,0,8,0,1,0,1,0
ledeeri01,2001,1,TEX,78,242,33,56,21,1,2,36,3,3,23,58,0,3,1,3,3
leeca01,2001,1,CHA,150,558,75,150,33,3,24,84,17,7,38,85,2,6,1,2,15
leeda01,2001,1,SDN,41,1,0,0,0,0,0,0,0,0,0,1,0,0,0,0,0
leede02,2001,1,FLO,158,561,83,158,37,4,21,75,4,2,50,126,1,8,0,6,18
leetr01,2001,1,PHI,157,555,75,143,34,2,20,90,3,4,71,109,5,4,1,9,15
leiteal01,2001,1,NYN,29,62,2,4,0,1,0,3,0,0,2,28,0,0,0,0,0
leitema01,2001,1,MIL,20,7,0,1,0,0,0,0,0,0,0,4,0,0,0,0,0
leskacu01,2001,1,MIL,70,1,0,0,0,0,0,0,0,0,0,0,0,0,0,0,0
levinal01,2001,1,ANA,64,0,0,0,0,0,0,0,0,0,0,0,0,0,0,0,0
levisje01,2001,1,MIL,12,33,6,8,2,0,0,3,0,0,3,7,0,0,0,0,1
levraal01,2001,1,MIL,32,33,1,2,0,0,0,1,0,0,1,14,0,0,6,1,0
lewisda01,2001,1,BOS,82,164,18,46,9,1,1,12,5,5,8,25,0,3,5,0,2
lewisma01,2001,1,CLE,6,13,1,1,0,0,0,0,0,0,0,4,0,0,0,0,0
lidleco01,2001,1,OAK,29,2,0,0,0,0,0,0,0,0,0,2,0,0,0,0,0
liebejo01,2001,1,CHN,35,76,3,12,2,0,0,2,0,0,2,22,0,0,9,0,2
liebemi01,2001,1,PHI,34,121,21,28,8,0,2,11,0,0,12,21,2,3,0,0,2
liefeje01,2001,1,CHA,83,254,36,65,13,0,18,39,0,1,20,69,1,2,1,2,6
ligteke01,2001,1,ATL,53,0,0,0,0,0,0,0,0,0,0,0,0,0,0,0,0
lillyte01,2001,1,NYA,26,1,0,0,0,0,0,0,0,0,0,1,0,0,2,0,0
limajo01,2001,1,HOU,14,16,0,0,0,0,0,0,0,0,0,5,0,0,1,0,0
limajo01,2001,2,DET,18,1,0,0,0,0,0,0,0,0,0,1,0,0,0,0,0
lincomi01,2001,1,PIT,31,4,0,1,0,0,0,0,0,0,0,0,0,0,1,0,0
linebsc01,2001,1,HOU,9,0,0,0,0,0,0,0,0,0,0,0,0,0,0,0,0
lirafe01,2001,1,MON,4,0,0,0,0,0,0,0,0,0,0,0,0,0,0,0,0
littlma01,2001,1,COL,51,85,18,29,6,0,3,13,5,2,1,20,1,4,0,0,0
lloydgr01,2001,1,MON,84,2,0,0,0,0,0,0,0,0,1,0,0,0,0,0,0
loaizes01,2001,1,TOR,36,2,0,0,0,0,0,0,0,0,0,0,0,0,0,0,0
lockhke01,2001,1,ATL,104,178,17,39,6,0,3,12,1,2,16,22,1,2,2,1,1
loducpa01,2001,1,LAN,125,460,71,147,28,0,25,90,2,4,39,30,2,6,5,9,11
loeweca01,2001,1,SDN,2,0,0,0,0,0,0,0,0,0,0,0,0,0,0,0,0
loftoja01,2001,1,BOS,8,26,1,5,1,0,0,1,2,1,1,4,0,0,0,1,1
loftoke01,2001,1,CLE,133,517,91,135,21,4,14,66,16,8,47,69,1,2,5,5,8
lohseky01,2001,1,MIN,19,5,0,2,1,0,0,1,0,0,0,2,0,0,0,0,0
loiseri01,2001,1,PIT,18,0,0,0,0,0,0,0,0,0,0,0,0,0,0,0,0
longte01,2001,1,OAK,162,629,90,178,37,4,12,85,9,3,52,103,8,0,0,6,17
loopebr01,2001,1,FLO,71,2,0,0,0,0,0,0,0,0,0,2,0,0,0,0,0
lopezal02,2001,1,TBA,20,5,0,0,0,0,0,0,0,0,0,3,0,0,0,0,0
lopezal02,2001,2,ARI,13,24,0,1,0,0,0,0,0,0,2,10,0,1,2,0,1
lopezfe01,2001,1,TOR,49,177,21,46,5,4,5,23,4,3,12,39,1,0,1,2,2
lopezja01,2001,1,ATL,128,438,45,117,16,1,17,66,1,0,28,82,3,10,1,5,12
lopezlu02,2001,1,MIL,92,222,22,60,8,3,4,18,0,1,14,44,2,5,5,1,6
lopezlu03,2001,1,TOR,41,119,10,29,4,0,3,10,0,0,8,16,1,0,1,0,10
lopezme01,2001,1,HOU,10,15,3,4,0,0,1,3,0,0,2,4,0,1,0,0,0
lopezme01,2001,2,PIT,22,43,5,10,3,1,0,4,0,0,4,16,1,0,0,1,0
loretma01,2001,1,MIL,102,384,40,111,14,2,2,29,1,2,28,46,0,7,7,3,6
lowede01,2001,1,BOS,67,1,0,0,0,0,0,0,0,0,0,1,0,0,0,0,0
lowelmi01,2001,1,FLO,146,551,65,156,37,0,18,100,1,2,43,79,3,10,0,10,9
lowese01,2001,1,CHA,45,3,0,1,0,0,0,0,0,0,0,1,0,0,0,0,0
lugoju01,2001,1,HOU,140,513,93,135,20,3,10,37,12,11,46,116,0,5,15,7,7
lukasma01,2001,1,ANA,24,0,0,0,0,0,0,0,0,0,0,0,0,0,0,0,0
lunarfe01,2001,1,BAL,64,167,8,41,7,0,0,16,0,0,7,32,0,3,2,1,8
lundqda01,2001,1,SDN,17,0,0,0,0,0,0,0,0,0,0,0,0,0,0,0,0
lyonbr01,2001,1,TOR,11,0,0,0,0,0,0,0,0,0,0,0,0,0,0,0,0
mabryjo01,2001,1,SLN,5,7,0,0,0,0,0,0,0,0,0,2,0,0,0,0,0
mabryjo01,2001,2,FLO,82,147,14,32,7,0,6,20,1,0,13,44,1,5,0,2,6
macdomi01,2001,1,KCA,3,0,0,0,0,0,0,0,0,0,0,0,0,0,0,0,0
macharo01,2001,1,CHN,52,135,13,30,10,0,2,13,0,0,7,26,3,1,3,0,4
maciajo01,2001,1,DET,137,488,62,131,24,6,8,51,21,6,32,54,0,3,8,3,7
mackoro01,2001,1,PIT,83,214,30,57,15,2,4,21,4,3,15,52,5,3,2,3,3
macrasc01,2001,1,CIN,24,3,0,0,0,0,0,0,0,0,0,1,0,0,0,0,0
maddugr01,2001,1,ATL,35,64,3,12,0,0,0,3,0,0,2,19,0,2,13,0,1
madurca01,2001,1,BAL,22,0,0,0,0,0,0,0,0,0,0,0,0,0,0,0,0
magadda01,2001,1,SDN,91,128,12,32,7,0,1,12,0,0,12,20,0,1,0,1,1
mageewe01,2001,1,DET,90,207,26,44,11,4,5,17,3,0,23,44,1,1,1,1,8
magnami01,2001,1,OAK,65,0,0,0,0,0,0,0,0,0,0,0,0,0,0,0,0
magruch01,2001,1,TEX,17,29,3,5,0,0,0,1,0,0,1,5,0,1,0,0,1
mahayro01,2001,1,CHN,17,2,0,0,0,0,0,0,0,0,0,1,0,0,0,0,0
mahompa01,2001,1,TEX,56,1,1,1,0,0,0,0,0,0,0,0,0,0,0,0,0
mannji01,2001,1,HOU,4,0,0,0,0,0,0,0,0,0,0,0,0,0,0,0,0
mantema01,2001,1,ARI,8,0,0,0,0,0,0,0,0,0,0,0,0,0,0,0,0
manzajo01,2001,1,PIT,71,1,0,0,0,0,0,0,0,0,0,0,0,0,0,0,0
marquja01,2001,1,ATL,40,31,3,1,0,0,0,0,0,0,2,10,0,0,2,0,0
marreel01,2001,1,SLN,86,203,37,54,11,3,6,23,6,3,15,36,2,0,3,3,4
marteda01,2001,1,PIT,23,4,0,0,0,0,0,0,0,0,0,1,0,0,0,0,0
martial03,2001,1,SEA,100,283,41,68,15,2,7,42,9,3,37,59,4,2,0,2,2
martida01,2001,1,ATL,120,237,33,68,11,3,2,20,3,3,21,44,0,1,0,0,10
martied01,2001,1,SEA,132,470,80,144,40,1,23,116,4,1,93,90,9,9,0,9,11
martife01,2001,1,TBA,77,219,24,54,13,1,1,14,6,5,10,46,0,5,3,1,8
martipe02,2001,1,BOS,18,0,0,0,0,0,0,0,0,0,0,0,0,0,0,0,0
martira02,2001,1,PIT,4,5,0,0,0,0,0,0,0,0,0,2,0,0,0,0,0
martira03,2001,1,SFN,128,391,48,99,18,3,5,37,1,2,38,52,6,5,6,6,11
martisa01,2001,1,MON,1,1,0,0,0,0,0,0,0,0,0,0,0,0,0,0,1
martiti02,2001,1,NYA,154,589,89,165,24,2,34,113,1,2,42,89,2,2,0,2,12
martito02,2001,1,NYN,14,3,0,0,0,0,0,0,0,0,0,1,0,0,0,0,0
mateohe01,2001,1,MON,5,9,1,3,1,0,0,0,0,0,0,1,0,0,0,0,0
mateoru01,2001,1,TEX,40,129,18,32,5,2,1,13,1,0,9,28,0,6,1,2,4
mathemi01,2001,1,SLN,121,381,40,83,12,0,7,42,0,1,28,76,5,4,8,3,11
mathetj01,2001,1,OAK,20,0,0,0,0,0,0,0,0,0,0,0,0,0,0,0,0
mathetj01,2001,2,SLN,10,3,0,0,0,0,0,0,0,0,0,3,0,0,0,0,0
matoslu01,2001,1,BAL,31,98,16,21,7,0,4,12,7,0,11,30,0,1,2,0,1
mattetr01,2001,1,MON,8,15,4,7,1,0,0,1,0,0,0,2,0,0,1,0,1
matthga02,2001,1,CHN,106,258,41,56,9,1,9,30,5,3,38,55,2,1,5,0,4
matthga02,2001,2,PIT,46,147,22,36,6,1,5,14,3,2,22,45,0,0,0,1,4
matthmi01,2001,1,SLN,52,17,2,2,0,0,1,1,0,0,0,4,0,0,1,0,0
maureda01,2001,1,SDN,3,1,0,0,0,0,0,0,0,0,0,1,0,0,0,0,0
maxweja01,2001,1,MIN,39,68,4,13,4,0,1,10,2,0,9,23,2,0,1,0,1
maynebr01,2001,1,COL,49,160,15,53,7,0,0,20,0,0,16,24,3,0,0,3,4
maynebr01,2001,2,KCA,51,166,13,40,4,1,2,20,1,2,10,17,2,1,0,3,8
maysjo01,2001,1,MIN,34,1,0,0,0,0,0,0,0,0,0,1,0,0,1,0,0
mccarda01,2001,1,KCA,98,200,26,50,10,0,7,26,0,0,24,45,1,1,1,4,8
mccraqu01,2001,1,MIN,24,64,7,14,2,2,0,3,0,1,5,13,0,0,1,0,2
mcdilal01,2001,1,BOS,15,0,0,0,0,0,0,0,0,0,0,0,0,0,0,0,0
mcdondo01,2001,1,NYA,5,3,0,1,0,0,0,0,0,0,0,2,0,0,1,0,0
mcdonjo03,2001,1,CLE,17,22,1,2,1,0,0,0,0,0,1,7,0,1,1,0,0
mcdonke01,2001,1,SLN,2,2,0,0,0,0,0,0,0,0,0,1,0,0,0,0,1
mcelrch01,2001,1,BAL,18,0,0,0,0,0,0,0,0,0,0,0,0,0,0,0,0
mcelrch01,2001,2,SDN,31,3,0,0,0,0,0,0,0,0,0,1,0,0,0,0,0
mcewijo01,2001,1,NYN,116,283,41,80,17,3,8,30,8,5,17,57,0,10,6,3,2
mcgrifr01,2001,1,TBA,97,343,40,109,18,0,19,61,1,1,40,69,9,0,0,2,7
mcgrifr01,2001,2,CHN,49,170,27,48,7,2,12,41,0,1,26,37,4,3,0,2,6
mcguiry01,2001,1,FLO,48,54,8,10,2,0,1,8,1,0,7,15,0,0,0,2,0
mcgwima01,2001,1,SLN,97,299,48,56,4,0,29,64,0,0,56,118,3,3,0,6,7
mcknito01,2001,1,HOU,3,7,0,0,0,0,0,0,0,0,0,1,0,0,0,0,0
mcknito01,2001,2,PIT,12,17,0,0,0,0,0,0,0,0,2,9,0,0,4,0,0
mclemma01,2001,1,SEA,125,409,78,117,16,9,5,57,39,7,69,84,0,0,3,6,6
mcmilbi01,2001,1,DET,20,34,1,3,1,0,1,4,0,0,2,12,0,1,0,0,1
mcmilbi01,2001,2,OAK,20,58,6,17,7,1,0,10,1,0,5,13,0,1,0,1,0
meachru01,2001,1,TBA,24,0,0,0,0,0,0,0,0,0,0,0,0,0,0,0,0
meadobr01,2001,1,KCA,10,0,0,0,0,0,0,0,0,0,0,0,0,0,0,0,0
mearepa01,2001,1,PIT,87,270,27,57,11,1,4,25,0,2,10,45,3,2,1,1,9
mecirji01,2001,1,OAK,54,0,0,0,0,0,0,0,0,0,0,0,0,0,0,0,0
melhuad01,2001,1,COL,40,71,5,13,2,0,1,8,1,0,6,18,0,0,0,2,3
mendedo01,2001,1,SDN,46,118,11,18,2,1,1,5,1,2,5,37,2,3,1,0,2
mendora01,2001,1,NYA,56,2,0,0,0,0,0,0,0,0,0,2,0,0,0,0,0
menecfr01,2001,1,OAK,139,471,82,114,22,2,12,60,2,3,79,97,0,19,3,6,13
mercahe01,2001,1,CIN,56,2,0,0,0,0,0,0,0,0,0,1,0,0,0,0,0
mercejo02,2001,1,BAL,33,5,0,0,0,0,0,0,0,0,0,4,0,0,0,0,0
merceor01,2001,1,HOU,94,137,19,36,6,1,6,29,5,1,14,32,1,1,0,1,3
merlolo01,2001,1,BOS,52,146,21,39,10,0,3,13,2,1,6,31,0,3,2,2,6
mesajo01,2001,1,PHI,71,0,0,0,0,0,0,0,0,0,0,0,0,0,0,0,0
meyerch02,2001,1,CHN,18,17,1,2,0,0,0,0,0,1,2,5,0,4,0,0,0
miadiba01,2001,1,ANA,11,0,0,0,0,0,0,0,0,0,0,0,0,0,0,0,0
micelda01,2001,1,FLO,29,0,0,0,0,0,0,0,0,0,0,0,0,0,0,0,0
micelda01,2001,2,COL,22,0,0,0,0,0,0,0,0,0,0,0,0,0,0,0,0
michach01,2001,1,TOR,24,3,0,1,0,1,0,0,0,0,0,1,0,0,2,0,0
michach01,2001,2,TEX,11,0,0,0,0,0,0,0,0,0,0,0,0,0,0,0,0
michaja01,2001,1,PHI,6,6,0,1,0,0,0,1,0,0,0,2,0,0,0,0,0
middlja01,2001,1,SDN,4,7,0,1,0,0,0,1,0,0,0,6,0,0,0,0,0
mientdo01,2001,1,MIN,151,543,77,166,39,1,15,74,2,6,67,92,6,9,0,7,10
millake01,2001,1,FLO,144,449,62,141,39,5,20,85,0,0,39,70,2,5,0,2,8
milleco01,2001,1,CIN,17,49,5,9,2,0,3,7,1,0,4,16,0,2,0,2,1
milleda02,2001,1,ARI,123,380,45,103,19,0,13,47,0,1,35,80,9,4,4,2,9
millema01,2001,1,DET,13,0,0,0,0,0,0,0,0,0,0,0,0,0,0,0,0
milletr01,2001,1,MIN,45,0,0,0,0,0,0,0,0,0,0,0,0,0,0,0,0
millewa04,2001,1,HOU,32,66,6,11,2,0,0,1,0,0,2,20,0,0,10,0,0
millsal01,2001,1,BAL,15,0,0,0,0,0,0,0,0,0,0,0,0,0,0,0,0
millwke01,2001,1,ATL,21,43,3,4,0,0,0,2,0,0,1,16,0,0,1,0,1
miltoer01,2001,1,MIN,35,2,1,0,0,0,0,0,0,0,0,1,0,0,0,0,0
minorda01,2001,1,SFN,19,45,3,7,1,0,0,3,0,0,3,8,1,0,0,0,1
minorry01,2001,1,MON,55,95,10,15,2,0,2,13,0,1,9,31,0,1,0,2,3
mirabdo01,2001,1,TEX,23,49,4,5,2,0,2,3,0,0,10,21,0,0,0,0,1
mirabdo01,2001,2,BOS,54,141,16,38,8,0,9,26,0,0,17,36,2,4,1,2,2
mlickda01,2001,1,DET,15,1,0,0,0,0,0,0,0,0,0,1,0,0,0,0,0
mlickda01,2001,2,HOU,19,26,2,3,0,0,0,0,0,0,0,10,0,0,4,0,0
moehlbr01,2001,1,DET,1,0,0,0,0,0,0,0,0,0,0,0,0,0,0,0,0
moellch01,2001,1,ARI,25,56,8,13,0,1,1,2,0,0,6,12,1,0,1,0,2
mohlemi01,2001,1,ARI,13,0,0,0,0,0,0,0,0,0,0,0,0,0,0,0,0
mohrdu01,2001,1,MIN,20,51,6,12,2,0,0,4,1,1,5,17,0,0,0,1,0
molinbe01,2001,1,ANA,96,325,31,85,11,0,6,40,0,1,16,51,3,8,2,4,8
molinjo01,2001,1,ANA,15,37,8,10,3,0,2,4,0,0,3,8,0,0,2,0,2
mondera01,2001,1,TOR,149,572,88,144,26,4,27,84,30,11,73,128,3,6,0,2,13
monrocr01,2001,1,TEX,27,52,8,11,1,0,2,5,2,0,6,18,0,0,0,0,1
mooretr01,2001,1,ATL,2,1,0,1,1,0,0,0,0,0,0,0,0,0,0,0,0
morame01,2001,1,BAL,128,436,49,109,28,0,7,48,11,4,41,91,2,14,5,7,6
mordemi01,2001,1,MON,96,254,28,71,17,2,3,32,2,2,19,53,1,1,1,2,6
morenju02,2001,1,TEX,45,0,0,0,0,0,0,0,0,0,0,0,0,0,0,0,0
morgami01,2001,1,ARI,31,0,0,0,0,0,0,0,0,0,1,0,0,0,0,0,0
morrima01,2001,1,SLN,34,72,5,10,2,0,0,5,0,0,2,33,0,0,11,0,0
morriwa02,2001,1,PIT,48,103,6,21,6,0,2,11,2,3,3,9,0,2,0,1,2
mossda01,2001,1,ATL,5,1,0,0,0,0,0,0,0,0,1,1,0,0,0,0,0
motagu01,2001,1,MON,53,3,0,1,0,0,0,0,0,0,0,1,0,0,0,0,0
mottoch01,2001,1,FLO,5,7,1,0,0,0,0,1,0,0,2,2,0,0,0,1,0
moutoja01,2001,1,MIL,75,138,20,34,8,0,2,10,7,3,11,40,0,6,3,0,1
moutoly01,2001,1,FLO,21,17,1,1,0,0,0,1,0,0,0,7,0,0,0,0,0
moyerja01,2001,1,SEA,33,1,0,0,0,0,0,0,0,0,0,0,0,0,1,0,0
muellbi02,2001,1,CHN,70,210,38,62,12,1,6,23,1,1,37,19,3,3,4,3,4
muldema01,2001,1,OAK,34,5,0,1,0,0,0,0,0,0,0,1,0,0,0,0,0
mulhote01,2001,1,PIT,22,3,0,0,0,0,0,0,0,0,0,2,0,0,0,0,0
mulhote01,2001,2,LAN,19,6,0,0,0,0,0,0,0,0,0,3,0,0,0,0,0
mullesc01,2001,1,KCA,17,0,0,0,0,0,0,0,0,0,0,0,0,0,0,0,0
munozbo01,2001,1,MON,15,11,0,0,0,0,0,0,0,0,0,6,0,0,0,0,0
munsoer01,2001,1,DET,17,66,4,10,3,1,1,6,0,1,3,21,0,0,0,0,2
murraca01,2001,1,SFN,106,326,54,80,14,2,6,25,8,8,32,57,0,3,3,0,5
murrahe01,2001,1,DET,40,0,0,0,0,0,0,0,0,0,0,0,0,0,0,0,0
mussimi01,2001,1,NYA,34,7,0,1,0,0,0,1,0,0,0,2,0,0,0,0,0
myersgr01,2001,1,BAL,25,74,11,20,2,0,4,18,0,0,8,17,0,0,0,0,3
myersgr01,2001,2,OAK,33,87,13,16,1,0,7,13,0,0,13,21,1,0,0,0,2
myersmi01,2001,1,COL,73,0,0,0,0,0,0,0,0,0,0,0,0,0,0,0,0
myersro01,2001,1,SDN,37,2,0,0,0,0,0,0,0,0,0,0,0,0,0,0,0
myettaa01,2001,1,TEX,19,0,0,0,0,0,0,0,0,0,0,0,0,0,0,0,0
nagych01,2001,1,CLE,15,1,1,1,0,0,0,0,0,0,0,0,0,0,1,0,0
neaglde01,2001,1,COL,30,56,6,11,4,0,2,9,0,0,2,12,0,1,8,1,0
nealbl01,2001,1,FLO,4,0,0,0,0,0,0,0,0,0,0,0,0,0,0,0,0
nelsoje01,2001,1,SEA,69,0,0,0,0,0,0,0,0,0,0,0,0,0,0,0,0
nelsojo01,2001,1,ATL,2,0,0,0,0,0,0,0,0,0,0,0,0,0,0,0,0
nenro01,2001,1,SFN,79,1,0,0,0,0,0,0,0,0,0,0,0,0,0,0,0
neugeni01,2001,1,MIL,2,3,0,0,0,0,0,0,0,0,0,1,0,0,0,0,0
nevinph01,2001,1,SDN,149,546,97,167,31,0,41,126,4,4,71,147,7,4,0,3,13
newhada01,2001,1,PHI,7,6,2,2,1,0,0,1,0,0,1,0,0,0,0,1,0
nichtch01,2001,1,CIN,36,1,0,0,0,0,0,0,0,0,0,1,0,0,0,0,0
nichtch01,2001,2,COL,7,0,1,0,0,0,0,0,0,0,0,0,0,0,1,0,0
nickldo01,2001,1,PHI,2,0,0,0,0,0,0,0,0,0,0,0,0,0,0,0,0
nievejo01,2001,1,ANA,29,53,5,13,3,1,2,3,0,1,2,20,0,2,2,0,1
nitkocj01,2001,1,DET,56,0,0,0,0,0,0,0,0,0,0,0,0,0,0,0,0
nitkocj01,2001,2,NYN,5,0,0,0,0,0,0,0,0,0,0,0,0,0,0,0,0
nixontr01,2001,1,BOS,148,535,100,150,31,4,27,88,7,4,79,113,1,7,6,6,8
nomohi01,2001,1,BOS,33,5,0,1,0,0,0,0,0,0,0,3,0,0,0,0,0
nortogr01,2001,1,COL,117,225,30,60,13,2,13,40,1,0,19,65,2,0,0,2,6
nunezab01,2001,1,PIT,115,301,30,79,11,4,1,21,8,2,28,53,1,1,4,1,0
nunezjo02,2001,1,LAN,6,0,0,0,0,0,0,0,0,0,0,0,0,0,0,0,0
nunezjo02,2001,2,SDN,56,3,0,0,0,0,0,0,0,0,0,2,0,0,0,0,0
nunezvl01,2001,1,FLO,52,9,1,1,0,0,0,0,0,0,1,4,0,0,2,0,0
ochoaal01,2001,1,CIN,90,349,48,101,20,4,7,35,12,9,24,53,0,2,2,2,3
ochoaal01,2001,2,COL,58,187,25,47,10,3,1,17,5,4,21,23,0,2,2,2,7
offerjo01,2001,1,BOS,128,524,76,140,23,3,9,49,5,2,61,97,2,1,3,5,9
ohkato01,2001,1,BOS,12,3,0,0,0,0,0,0,0,0,0,2,0,0,0,0,0
ohkato01,2001,2,MON,10,15,1,3,0,0,0,1,0,0,0,6,0,0,3,0,0
ohmanwi01,2001,1,CHN,11,2,0,0,0,0,0,0,0,0,0,1,0,0,0,0,0
ojedaau01,2001,1,CHN,78,144,16,29,5,1,1,12,1,0,12,20,1,2,2,2,2
oleartr01,2001,1,BOS,104,341,50,82,16,6,13,50,1,3,25,73,2,5,0,5,9
olerujo01,2001,1,SEA,159,572,91,173,32,1,21,95,3,1,94,70,19,5,1,7,21
olivaom01,2001,1,PIT,47,27,3,6,2,0,1,6,0,0,0,10,0,0,0,0,0
oliveda02,2001,1,TEX,28,6,0,2,1,0,0,0,0,0,0,2,0,0,2,0,0
olivejo01,2001,1,NYA,12,36,3,9,1,0,1,2,0,0,1,12,0,0,2,1,0
olivejo01,2001,2,BOS,5,12,1,3,1,0,0,1,0,0,1,3,0,0,0,0,0
olsenke01,2001,1,FLO,4,3,0,0,0,0,0,0,0,0,0,3,0,0,1,0,0
olsongr01,2001,1,LAN,28,0,0,0,0,0,0,0,0,0,0,0,0,0,0,0,0
oneilpa01,2001,1,NYA,137,510,77,136,33,1,21,70,22,3,48,59,4,2,0,3,20
ordazlu01,2001,1,KCA,28,56,8,14,3,0,0,4,0,0,3,8,0,1,2,1,1
ordonma01,2001,1,CHA,160,593,97,181,40,1,31,113,25,7,70,70,7,5,0,3,14
ordonre01,2001,1,NYN,149,461,31,114,24,4,3,44,3,2,34,43,17,1,7,2,17
oropeed01,2001,1,PHI,30,0,0,0,0,0,0,0,0,0,0,0,0,0,0,0,0
oroscje01,2001,1,LAN,35,0,0,0,0,0,0,0,0,0,0,0,0,0,0,0,0
ortegbi01,2001,1,SLN,5,5,0,1,0,0,0,0,0,0,0,1,0,0,0,0,0
ortizda01,2001,1,MIN,89,303,46,71,17,1,18,48,1,0,40,68,8,1,1,2,6
ortizhe01,2001,1,KCA,56,154,12,38,6,1,0,11,1,3,9,24,0,1,2,0,5
ortizjo02,2001,1,OAK,11,42,4,7,0,0,0,3,1,0,3,5,0,0,0,1,4
ortizjo02,2001,2,COL,53,204,38,52,8,1,13,35,3,1,14,36,0,4,1,1,5
ortizra01,2001,1,ANA,32,7,0,0,0,0,0,0,0,0,0,2,0,0,0,0,0
ortizru01,2001,1,SFN,33,67,6,13,6,0,0,6,0,0,5,19,0,0,8,1,1
osikke01,2001,1,PIT,56,120,9,25,4,0,2,13,1,0,13,24,0,3,0,1,1
ostinji01,2001,1,SDN,3,0,0,0,0,0,0,0,0,0,0,0,0,0,0,0,0
osunaan01,2001,1,CHA,4,0,0,0,0,0,0,0,0,0,0,0,0,0,0,0,0
oswalro01,2001,1,HOU,28,47,3,9,1,0,0,3,0,0,1,12,0,0,3,0,0
overbly01,2001,1,ARI,2,2,0,1,0,0,0,0,0,0,0,1,0,0,0,0,0
owenser01,2001,1,FLO,119,400,51,101,16,1,5,28,8,6,29,59,2,0,4,1,13
padilvi01,2001,1,PHI,23,3,1,1,1,0,0,0,0,0,1,2,0,0,1,0,0
paintla01,2001,1,TOR,10,0,0,0,0,0,0,0,0,0,0,0,0,0,0,0,0
paintla01,2001,2,MIL,13,0,0,0,0,0,0,0,0,0,0,0,0,0,0,0,0
palmede01,2001,1,DET,57,216,34,48,11,0,11,40,4,1,27,59,0,3,0,0,3
palmeor01,2001,1,ANA,104,230,29,56,10,1,2,23,6,6,25,24,2,3,7,5,3
palmera01,2001,1,TEX,160,600,98,164,33,0,47,123,1,1,101,90,8,7,0,6,8
paniajo01,2001,1,SEA,60,1,0,0,0,0,0,0,0,0,0,0,0,0,0,0,0
paquecr01,2001,1,SLN,123,340,47,96,17,0,15,64,3,1,18,67,1,5,5,2,11
parkch01,2001,1,LAN,36,69,6,10,3,0,0,4,0,0,5,22,0,0,7,0,1
parkech01,2001,1,NYA,1,0,0,0,0,0,0,0,0,0,0,0,0,0,0,0,0
paronch01,2001,1,BAL,24,0,0,0,0,0,0,0,0,0,0,0,0,0,0,0,0
parquji01,2001,1,CHA,5,0,0,0,0,0,0,0,0,0,0,0,0,0,0,0,0
parrijo01,2001,1,BAL,16,0,0,0,0,0,0,0,0,0,0,0,0,0,0,0,0
parrist01,2001,1,TOR,19,1,0,0,0,0,0,0,0,0,0,1,0,0,1,0,0
patteco01,2001,1,CHN,59,131,26,29,3,0,4,14,4,0,6,33,0,3,2,3,1
patteda04,2001,1,DET,60,0,0,0,0,0,0,0,0,0,0,0,0,0,0,0,0
patteja01,2001,1,DET,13,41,6,11,1,1,2,4,0,1,0,4,0,2,0,0,2
pauljo01,2001,1,CHA,57,139,20,37,11,0,3,18,6,2,13,25,0,0,1,1,3
pavanca01,2001,1,MON,8,13,0,1,0,0,0,0,0,0,0,5,0,0,1,0,0
paytoja01,2001,1,NYN,104,361,44,92,16,1,8,34,4,3,18,52,1,5,0,2,11
penaan01,2001,1,LAN,22,54,3,11,1,0,1,2,0,0,1,17,0,0,2,1,0
penaca01,2001,1,TEX,22,62,6,16,4,1,3,12,0,0,10,17,0,0,0,0,1
penael01,2001,1,MIL,15,40,5,9,2,0,0,6,2,0,6,6,0,1,0,1,3
pennybr01,2001,1,FLO,31,62,5,10,1,1,0,1,0,0,1,19,0,0,3,0,0
percitr01,2001,1,ANA,57,0,0,0,0,0,0,0,0,0,0,0,0,0,0,0,0
perezed02,2001,1,ATL,5,10,0,3,0,0,0,0,0,0,0,2,0,0,0,0,0
perezne01,2001,1,COL,87,382,65,114,19,8,7,47,6,2,16,49,1,0,4,1,8
perezne01,2001,2,KCA,49,199,18,48,7,1,1,12,3,4,10,19,0,1,7,3,2
perezod01,2001,1,ATL,24,26,1,5,1,0,0,1,0,0,0,6,0,1,2,0,1
perezro01,2001,1,NYA,6,15,1,4,1,0,0,0,0,1,1,7,0,0,0,0,0
perezro01,2001,2,MIL,2,5,0,0,0,0,0,0,0,0,0,0,0,0,0,0,0
perezsa01,2001,1,SDN,43,81,13,16,1,0,0,4,5,1,15,29,0,0,0,1,0
perezti01,2001,1,NYN,85,239,26,59,9,1,5,22,1,6,12,25,0,2,6,1,1
perezto03,2001,1,PHI,62,135,11,41,7,1,3,19,0,1,7,22,1,2,1,0,2
perisma01,2001,1,DET,30,0,0,0,0,0,0,0,0,0,0,0,0,0,0,0,0
perryhe01,2001,1,CHA,92,285,38,73,21,1,7,32,2,2,23,55,1,7,0,1,11
persoro01,2001,1,PHI,33,67,4,8,1,0,2,6,0,0,3,36,0,0,5,0,0
peterch01,2001,1,MON,13,11,1,1,0,0,0,0,0,0,0,2,0,0,0,0,0
peterky01,2001,1,MIL,3,5,1,1,1,0,0,1,0,0,0,1,0,0,0,0,0
petkoma01,2001,1,TEX,55,1,0,0,0,0,0,0,0,0,0,0,0,0,0,0,0
petribe01,2001,1,COL,85,244,41,58,15,3,11,39,3,3,31,67,3,3,1,3,5
pettian01,2001,1,NYA,31,4,0,0,0,0,0,0,0,0,0,1,0,0,1,0,0
pettyad01,2001,1,DET,16,2,0,0,0,0,0,0,0,0,0,2,0,0,0,0,0
phelpjo01,2001,1,TOR,8,12,3,0,0,0,0,1,1,0,2,5,0,0,0,0,1
phelptr01,2001,1,TBA,49,0,0,0,0,0,0,0,0,0,0,0,0,0,0,0,0
phillja04,2001,1,NYN,6,7,2,1,1,0,0,0,0,0,0,1,0,0,0,0,0
piattad01,2001,1,OAK,36,95,9,20,5,1,0,6,0,0,13,26,0,0,1,2,5
piazzmi01,2001,1,NYN,141,503,81,151,29,0,36,94,0,2,67,87,19,2,0,1,20
pichahi01,2001,1,BOS,30,0,0,0,0,0,0,0,0,0,0,0,0,0,0,0,0
pickeca01,2001,1,CIN,4,4,0,1,0,0,0,1,0,0,0,2,0,0,0,0,0
pickeca01,2001,2,BOS,17,50,4,14,1,0,3,7,0,0,8,13,0,0,0,0,4
pierrju01,2001,1,COL,156,617,108,202,26,11,2,55,46,17,41,29,1,10,14,1,6
piersch01,2001,1,CIN,11,0,0,0,0,0,0,0,0,0,0,0,0,0,0,0,0
pierzaj01,2001,1,MIN,114,381,51,110,33,2,7,55,1,7,16,57,4,4,1,3,7
pinedlu01,2001,1,DET,16,0,0,0,0,0,0,0,0,0,0,0,0,0,0,0,0
pineijo01,2001,1,SEA,17,0,0,0,0,0,0,0,0,0,0,0,0,0,0,0,0
plesada01,2001,1,TOR,62,0,0,0,0,0,0,0,0,0,0,0,0,0,0,0,0
podsesc01,2001,1,SEA,5,6,1,1,0,1,0,3,0,0,0,1,0,0,0,0,1
polanpl01,2001,1,SLN,144,564,87,173,26,4,3,38,12,3,25,43,0,6,14,1,22
politcl01,2001,1,PHI,23,2,1,0,0,0,0,0,0,0,1,1,0,0,0,0,0
ponsosi01,2001,1,BAL,23,3,0,0,0,0,0,0,0,0,0,1,0,0,0,0,0
portebo03,2001,1,TEX,48,87,18,20,4,2,1,6,3,2,9,34,0,0,0,2,1
posadjo01,2001,1,NYA,138,484,59,134,28,1,22,95,2,6,62,132,10,6,0,5,10
potelo01,2001,1,ANA,44,0,0,0,0,0,0,0,0,0,0,0,0,0,0,0,0
powelbr01,2001,1,HOU,1,1,0,0,0,0,0,0,0,0,0,1,0,0,0,0,0
powelda01,2001,1,SFN,13,6,5,2,0,0,0,0,0,0,0,0,0,0,0,0,0
powelja04,2001,1,HOU,35,1,0,0,0,0,0,0,0,0,0,1,0,0,0,0,0
powelja04,2001,2,COL,39,0,0,0,0,0,0,0,0,0,0,0,0,0,0,0,0
prattto02,2001,1,NYN,45,80,6,13,5,0,2,4,1,0,15,36,1,2,0,1,4
prattto02,2001,2,PHI,35,93,12,19,3,0,2,7,0,0,19,25,2,1,1,0,2
pridecu01,2001,1,MON,36,76,8,19,3,1,1,9,3,2,9,22,0,2,0,0,4
prietar01,2001,1,TBA,3,0,0,0,0,0,0,0,0,0,0,0,0,0,0,0,0
princto01,2001,1,MIN,64,196,19,43,4,1,7,23,3,1,12,39,0,6,0,1,5
prinzbr01,2001,1,ARI,46,0,0,0,0,0,0,0,0,0,0,0,0,0,0,0,0
prokolu01,2001,1,LAN,30,36,1,7,1,0,0,0,0,0,0,13,0,0,7,0,0
pujolal01,2001,1,SLN,161,590,112,194,47,4,37,130,1,3,69,93,6,9,1,7,21
pulsibi01,2001,1,BOS,23,0,0,0,0,0,0,0,0,0,0,0,0,0,0,0,0
pulsibi01,2001,2,CHA,14,0,0,0,0,0,0,0,0,0,0,0,0,0,0,0,0
puntoni01,2001,1,PHI,4,5,0,2,0,0,0,0,0,0,0,0,0,0,0,0,0
quantpa01,2001,1,TOR,80,0,0,0,0,0,0,0,0,0,0,0,0,0,0,0,0
queveru01,2001,1,MIL,10,16,1,4,0,0,0,1,0,0,0,8,0,0,4,0,0
quinnma01,2001,1,KCA,118,453,57,122,31,2,17,60,9,5,12,69,1,7,0,1,16
radinsc01,2001,1,CLE,2,0,0,0,0,0,0,0,0,0,0,0,0,0,0,0,0
radkebr01,2001,1,MIN,33,4,0,2,0,0,0,0,0,0,0,0,0,0,0,0,0
raineti01,2001,1,MON,47,78,13,24,8,1,0,4,1,0,18,6,0,0,0,1,2
raineti01,2001,2,BAL,4,11,1,3,0,0,1,5,0,0,0,3,0,0,0,1,0
raineti02,2001,1,BAL,7,23,6,4,2,0,0,0,3,0,3,8,0,0,1,0,0
ramirar01,2001,1,PIT,158,603,83,181,40,0,34,112,5,4,40,100,4,8,0,4,9
ramirju01,2001,1,CHA,22,37,2,3,0,0,0,1,2,0,2,15,0,0,0,0,0
ramirma02,2001,1,BOS,142,529,93,162,33,2,41,125,0,1,81,147,25,8,0,2,9
randajo01,2001,1,KCA,151,581,59,147,34,2,13,83,3,2,42,80,2,6,1,6,15
ransoco01,2001,1,SFN,9,7,1,0,0,0,0,0,0,0,0,5,0,0,0,0,0
rapppa01,2001,1,ANA,31,5,0,0,0,0,0,0,0,0,0,2,0,0,0,0,0
reamebr01,2001,1,MON,41,17,2,2,0,0,1,2,0,0,4,8,0,0,3,0,1
rebouje01,2001,1,LAN,94,214,35,57,15,2,3,22,0,1,33,48,1,1,5,0,3
redditi01,2001,1,HOU,13,14,0,3,0,0,0,1,0,0,0,11,0,0,2,0,0
redmama01,2001,1,MIN,9,0,0,0,0,0,0,0,0,0,0,0,0,0,0,0,0
redmama01,2001,2,DET,2,0,0,0,0,0,0,0,0,0,0,0,0,0,0,0,0
redmati01,2001,1,PIT,37,125,8,28,4,1,1,4,3,5,4,25,0,0,0,1,2
redmomi01,2001,1,FLO,48,141,19,44,4,0,4,14,0,0,13,13,4,2,1,1,6
reedri01,2001,1,NYN,20,40,2,5,1,0,0,4,0,0,1,15,0,0,4,1,0
reedri01,2001,2,MIN,12,0,0,0,0,0,0,0,0,0,0,0,0,0,0,0,0
reedst01,2001,1,CLE,32,0,0,0,0,0,0,0,0,0,0,0,0,0,0,0,0
reedst01,2001,2,ATL,39,0,0,0,0,0,0,0,0,0,0,0,0,0,0,0,0
reesepo01,2001,1,CIN,133,428,50,96,20,2,9,40,25,4,34,82,4,3,5,4,7
reichda01,2001,1,KCA,27,5,0,0,0,0,0,0,0,0,0,4,0,0,0,0,0
reithbr01,2001,1,CIN,9,12,0,3,0,0,0,2,1,0,0,4,0,0,0,0,0
reitsch01,2001,1,CIN,38,48,3,5,1,0,0,1,0,0,2,24,0,1,7,0,1
rekarbr01,2001,1,TBA,25,2,0,0,0,0,0,0,0,0,0,1,0,0,0,0,0
relafde01,2001,1,NYN,120,301,43,91,27,0,8,36,13,5,27,65,1,5,2,5,4
remlimi01,2001,1,ATL,75,2,0,0,0,0,0,0,0,0,0,1,0,0,0,0,0
renteed01,2001,1,SLN,141,493,54,128,19,3,10,57,17,4,39,73,4,3,8,6,15
reyesal01,2001,1,LAN,19,3,1,1,0,0,0,0,0,0,0,1,0,0,1,0,0
reyesde01,2001,1,CIN,36,11,0,2,0,0,0,0,0,0,0,6,0,0,0,0,0
reynoar02,2001,1,ARI,9,10,0,1,1,0,0,2,0,0,0,3,0,0,3,0,0
reynosh01,2001,1,HOU,28,52,4,4,0,0,1,4,0,0,1,26,0,0,10,0,0
rhodear01,2001,1,SEA,72,1,0,0,0,0,0,0,0,0,0,1,0,0,0,0,0
richach01,2001,1,BAL,136,483,74,128,31,3,15,61,11,9,45,100,4,8,2,4,15
riedljo01,2001,1,CIN,29,1,0,0,0,0,0,0,0,0,0,1,0,0,0,0,0
rigdopa01,2001,1,MIL,15,20,1,4,0,0,0,1,0,0,0,3,0,0,5,0,0
riggaje01,2001,1,NYN,35,2,0,0,0,0,0,0,0,0,0,2,0,0,0,0,0
riggsad01,2001,1,SDN,12,36,2,7,1,0,0,1,1,1,2,8,0,0,0,0,1
rijojo01,2001,1,CIN,13,0,0,0,0,0,0,0,0,0,0,0,0,0,0,0,0
rincoju01,2001,1,MIN,4,1,0,1,0,0,0,0,0,0,0,0,0,0,0,0,0
rincori01,2001,1,CLE,67,0,0,0,0,0,0,0,0,0,0,0,0,0,0,0,0
riosar01,2001,1,SFN,93,316,38,82,17,3,14,49,3,2,34,73,6,0,1,2,2
riosar01,2001,2,PIT,2,3,0,1,0,0,0,1,0,0,2,1,0,0,0,1,1
ripkeca01,2001,1,BAL,128,477,43,114,16,0,14,68,0,2,26,63,1,2,2,9,15
riskeda01,2001,1,CLE,26,0,0,0,0,0,0,0,0,0,0,0,0,0,0,0,0
ritchto01,2001,1,PIT,34,59,1,9,2,0,0,3,0,0,3,27,0,0,8,0,1
rivaslu01,2001,1,MIN,153,563,70,150,21,6,7,47,31,11,40,99,0,6,5,5,15
riverju01,2001,1,NYA,3,4,0,0,0,0,0,0,0,0,0,0,0,0,0,0,0
riverma01,2001,1,NYA,71,0,0,0,0,0,0,0,0,0,0,0,0,0,0,0,0
rivermi02,2001,1,DET,4,12,2,4,2,0,0,1,0,0,0,2,0,0,0,0,0
riverru01,2001,1,CIN,117,263,37,67,13,1,10,34,6,3,21,83,1,5,0,1,7
roberbr01,2001,1,BAL,75,273,42,69,12,3,2,17,12,3,13,36,0,0,3,3,3
roberda07,2001,1,CLE,15,12,3,4,1,0,0,2,0,1,1,2,0,0,0,0,0
robergr01,2001,1,NYN,16,3,0,0,0,0,0,0,0,0,0,3,0,0,0,0,0
roberwi01,2001,1,BAL,46,4,0,1,0,0,0,0,0,0,0,3,0,0,1,0,0
robinke02,2001,1,SLN,114,186,34,53,6,1,1,15,11,2,12,20,0,2,4,3,1
rockejo01,2001,1,ATL,30,0,0,0,0,0,0,0,0,0,0,0,0,0,0,0,0
rockejo01,2001,2,CLE,38,0,0,0,0,0,0,0,0,0,0,0,0,0,0,0,0
rodrial01,2001,1,TEX,162,632,133,201,34,1,52,135,18,3,75,131,6,16,0,9,17
rodrife01,2001,1,SFN,80,0,0,0,0,0,0,0,0,0,0,0,0,0,0,0,0
rodrifr02,2001,1,CIN,7,1,0,0,0,0,0,0,0,0,0,1,0,0,0,0,0
rodrihe02,2001,1,NYA,5,8,0,0,0,0,0,0,0,0,0,6,0,0,0,0,0
rodriiv01,2001,1,TEX,111,442,70,136,24,2,25,65,10,3,23,73,3,4,0,1,13
rodriri02,2001,1,CLE,53,0,0,0,0,0,0,0,0,0,0,0,0,0,0,0,0
rodriwi01,2001,1,HOU,2,0,0,0,0,0,0,0,0,0,0,0,0,0,0,0,0
rogerke01,2001,1,TEX,20,2,0,0,0,0,0,0,0,0,0,2,0,0,0,0,0
rolensc01,2001,1,PHI,151,554,96,160,39,1,25,107,16,5,74,127,6,13,0,12,6
rolliji01,2001,1,PHI,158,656,97,180,29,12,14,54,46,8,48,108,2,2,9,5,5
rollsda01,2001,1,TBA,81,237,33,62,11,1,2,12,12,4,10,47,0,0,2,0,5
romerjc01,2001,1,MIN,14,2,1,1,1,0,0,0,0,0,0,0,0,0,0,0,0
rosebr01,2001,1,NYN,3,1,0,0,0,0,0,0,0,0,0,0,0,0,0,0,0
rosebr01,2001,2,TBA,7,0,0,0,0,0,0,0,0,0,0,0,0,0,0,0,0
rowanaa01,2001,1,CHA,63,123,21,36,5,0,4,20,5,1,15,28,0,4,5,1,2
rueteki01,2001,1,SFN,36,58,5,10,0,0,0,5,0,0,5,5,0,0,10,1,0
ruffijo01,2001,1,FLO,3,0,0,0,0,0,0,0,0,0,0,0,0,0,0,0,0
rupery01,2001,1,TBA,28,3,1,1,1,0,0,0,0,0,0,1,0,0,0,0,0
ruschgl01,2001,1,NYN,33,54,0,3,0,0,0,5,0,0,1,23,0,0,6,0,1
ryanbj01,2001,1,BAL,61,1,0,0,0,0,0,0,0,0,0,0,0,0,0,0,0
ryanro02,2001,1,ARI,1,1,0,0,0,0,0,0,0,0,0,1,0,0,0,0,0
ryanro02,2001,2,OAK,7,7,0,0,0,0,0,0,0,0,0,5,0,0,0,0,0
sabatcc01,2001,1,CLE,33,4,0,0,0,0,0,0,0,0,0,0,0,0,1,0,1
sabeler01,2001,1,ARI,42,0,0,0,0,0,0,0,0,0,0,0,0,0,0,0,0
saberbr01,2001,1,BOS,3,0,0,0,0,0,0,0,0,0,0,0,0,0,0,0,0
sadledo01,2001,1,CIN,39,84,9,17,3,0,1,3,3,3,9,20,0,0,2,0,3
sadledo01,2001,2,KCA,54,101,19,13,3,0,0,2,4,1,9,17,0,2,3,1,0
saenzol01,2001,1,OAK,106,305,33,67,21,1,9,32,0,1,19,64,1,13,1,3,9
salmoti01,2001,1,ANA,137,475,63,108,21,1,17,49,9,3,96,121,4,8,0,2,11
sanchal03,2001,1,MIL,30,68,7,14,3,2,0,4,6,2,5,13,0,0,0,0,0
sanchje01,2001,1,FLO,17,17,2,4,0,0,0,1,0,0,0,3,0,0,2,0,0
sanchre01,2001,1,KCA,100,390,46,118,14,5,0,28,9,1,11,34,0,2,9,4,11
sanchre01,2001,2,ATL,49,154,10,35,4,1,0,9,2,0,4,15,1,0,4,1,9
sandbja01,2001,1,TBA,39,136,13,28,7,0,1,15,1,0,10,45,0,1,2,0,2
sandean01,2001,1,SEA,9,17,1,3,2,0,0,2,0,0,2,3,0,0,0,0,0
sandede02,2001,1,CIN,32,75,6,13,2,0,1,4,3,4,4,10,0,2,2,0,2
sandere02,2001,1,ARI,126,441,84,116,21,3,33,90,14,10,46,126,7,5,1,3,2
santafp01,2001,1,OAK,32,71,16,14,4,0,0,8,1,1,11,17,0,5,1,1,1
santajo01,2001,1,MIN,15,0,0,0,0,0,0,0,0,0,0,0,0,0,0,0,0
santape01,2001,1,DET,1,0,0,0,0,0,0,0,0,0,0,0,0,0,0,0,0
santibe01,2001,1,SFN,133,477,39,125,25,4,6,45,5,4,23,78,0,2,7,6,19
santijo03,2001,1,KCA,20,0,0,0,0,0,0,0,0,0,0,0,0,0,0,0,0
santijo03,2001,2,PHI,53,3,0,0,0,0,0,0,0,0,1,3,0,0,0,0,0
santoan01,2001,1,BOS,9,16,2,2,1,0,0,1,0,0,2,7,0,0,0,1,2
santovi01,2001,1,DET,33,0,0,0,0,0,0,0,0,0,0,0,0,0,0,0,0
sasakka01,2001,1,SEA,69,0,0,0,0,0,0,0,0,0,0,0,0,0,0,0,0
saturlu01,2001,1,SLN,13,5,0,1,1,0,0,1,1,0,0,1,0,0,0,0,0
sauersc01,2001,1,PIT,70,2,0,0,0,0,0,0,0,0,0,1,0,0,0,0,0
scanlbo01,2001,1,MON,18,0,0,0,0,0,0,0,0,0,0,0,0,0,0,0,0
schilcu01,2001,1,ARI,35,83,4,11,1,0,0,1,0,0,1,28,0,0,14,0,0
schmija01,2001,1,PIT,14,23,2,4,0,0,1,1,0,0,0,10,0,0,5,0,1
schmija01,2001,2,SFN,11,26,3,4,0,0,1,3,0,0,1,12,0,0,1,0,0
schnebr01,2001,1,MON,27,41,4,13,3,0,1,6,0,0,6,3,1,0,0,1,0
schoesc01,2001,1,ANA,32,0,0,0,0,0,0,0,0,0,2,0,0,0,0,0,0
schoupe01,2001,1,BOS,33,0,0,0,0,0,0,0,0,0,0,0,0,0,0,0,0
seabosc01,2001,1,NYA,1,1,0,0,0,0,0,0,0,0,0,0,0,0,0,0,0
seaneru01,2001,1,SDN,26,0,0,0,0,0,0,0,0,0,0,0,0,0,0,0,0
seaneru01,2001,2,ATL,12,0,0,0,0,0,0,0,0,0,0,0,0,0,0,0,0
seaybo01,2001,1,TBA,12,0,0,0,0,0,0,0,0,0,0,0,0,0,0,0,0
seelbch02,2001,1,ATL,5,0,0,0,0,0,0,0,0,0,0,0,0,0,0,0,0
sefcike01,2001,1,COL,1,1,0,0,0,0,0,0,0,0,0,0,0,0,0,0,0
seguida01,2001,1,BAL,82,292,48,88,18,1,10,46,1,1,49,61,5,4,0,2,4
seguife01,2001,1,MON,46,50,0,7,2,0,0,5,0,0,2,17,1,1,0,1,4
selbybi01,2001,1,CIN,36,92,7,21,7,1,2,12,0,0,5,13,1,1,1,1,1
seleaa01,2001,1,SEA,34,6,2,1,0,0,0,1,0,0,0,0,0,0,2,0,0
serrawa01,2001,1,SDN,20,9,0,1,0,0,0,0,0,0,0,4,0,0,2,0,0
servasc01,2001,1,HOU,11,16,1,6,0,0,0,0,0,0,2,3,0,0,0,0,0
sexsori01,2001,1,MIL,158,598,94,162,24,3,45,125,2,4,60,178,5,6,0,3,20
shawje01,2001,1,LAN,77,0,0,0,0,0,0,0,0,0,0,0,0,0,0,0,0
sheetan01,2001,1,TBA,49,153,10,30,8,0,1,14,2,0,12,35,0,0,7,2,0
sheetbe01,2001,1,MIL,25,42,4,3,0,0,0,1,0,0,4,29,0,0,2,0,0
sheffga01,2001,1,LAN,143,515,98,160,28,2,36,100,10,4,94,67,13,4,0,5,12
sheldsc01,2001,1,TEX,61,120,11,24,5,0,3,11,1,1,3,35,0,0,2,2,2
shielsc01,2001,1,ANA,8,0,0,0,0,0,0,0,0,0,0,0,0,0,0,0,0
shinjts01,2001,1,NYN,123,400,46,107,23,1,10,56,4,5,25,70,3,7,4,2,8
shueypa01,2001,1,CLE,47,0,0,0,0,0,0,0,0,0,0,0,0,0,0,0,0
shumpte01,2001,1,COL,114,242,37,70,14,5,4,24,14,3,15,44,2,3,4,1,2
sierrru01,2001,1,TEX,94,344,55,100,22,1,23,67,2,0,19,52,0,0,0,6,13
silvajo01,2001,1,PIT,26,2,0,0,0,0,0,0,0,0,0,2,0,0,0,0,0
simmobr01,2001,1,TOR,60,107,8,19,5,0,2,8,1,0,8,26,0,1,0,1,0
simonra01,2001,1,DET,81,256,28,78,14,2,6,37,0,1,15,28,2,0,1,2,9
singlch01,2001,1,CHA,140,392,57,117,21,5,7,45,12,11,20,61,2,1,14,4,5
slusajo01,2001,1,ATL,4,0,0,0,0,0,0,0,0,0,0,0,0,0,0,0,0
slusajo01,2001,2,HOU,8,0,0,0,0,0,0,0,0,0,0,0,0,0,0,0,0
smartjd01,2001,1,TEX,15,0,0,0,0,0,0,0,0,0,0,0,0,0,0,0,0
smithbo06,2001,1,TBA,6,19,1,2,0,0,0,1,0,0,3,10,0,0,0,0,1
smithbu02,2001,1,SLN,16,25,0,4,0,0,0,1,0,0,1,5,0,0,2,0,0
smithch06,2001,1,FLO,15,26,1,5,0,0,0,3,0,0,1,8,0,0,2,0,0
smithja05,2001,1,CHN,2,1,0,0,0,0,0,0,0,0,0,1,0,0,0,0,0
smithma03,2001,1,MON,80,194,28,47,13,1,6,18,0,2,23,38,0,2,1,2,3
smithro03,2001,1,CLE,9,0,0,0,0,0,0,0,0,0,0,0,0,0,0,0,0
smoltjo01,2001,1,ATL,36,7,0,0,0,0,0,0,0,0,1,3,0,0,2,0,1
snowjt01,2001,1,SFN,101,285,43,70,12,1,8,34,0,0,55,81,10,4,0,4,2
sobkosc01,2001,1,ATL,1,0,0,0,0,0,0,0,0,0,0,0,0,0,0,0,0
sojolu01,2001,1,NYA,39,79,5,13,2,0,0,9,1,0,4,12,0,1,0,0,0
soriaal01,2001,1,NYA,158,574,77,154,34,3,18,73,43,14,29,125,0,3,3,5,7
sosaju01,2001,1,ARI,2,1,0,0,0,0,0,0,0,0,0,1,0,0,0,0,0
sosasa01,2001,1,CHN,160,577,146,189,34,5,64,160,0,2,116,153,37,6,0,12,6
sparkst01,2001,1,DET,36,4,0,0,0,0,0,0,0,0,0,1,0,0,0,0,0
speieju01,2001,1,CLE,12,0,0,0,0,0,0,0,0,0,0,0,0,0,0,0,0
speieju01,2001,2,COL,42,7,0,0,0,0,0,0,0,0,0,2,0,0,0,0,0
spencsh01,2001,1,NYA,80,283,40,73,14,2,10,46,4,1,21,58,0,4,0,3,4
spierbi01,2001,1,HOU,4,3,0,1,0,0,0,0,0,0,1,0,1,0,0,0,0
spiezsc01,2001,1,ANA,139,457,57,124,29,4,13,54,5,2,34,65,4,5,3,4,6
spiveju01,2001,1,ARI,72,163,33,42,6,3,5,21,3,0,23,47,0,2,6,1,3
spoonti01,2001,1,ATL,4,0,0,0,0,0,0,0,0,0,0,0,0,0,0,0,0
spraged02,2001,1,SEA,45,94,9,28,7,0,2,16,0,0,11,18,1,1,0,1,3
sprinde01,2001,1,LAN,4,6,0,0,0,0,0,0,0,0,0,3,0,0,1,0,0
sprinru01,2001,1,ARI,18,0,0,0,0,0,0,0,0,0,0,0,0,0,0,0,0
stairma01,2001,1,CHN,128,340,48,85,21,0,17,61,2,3,52,76,7,7,1,3,4
standja01,2001,1,TBA,9,0,0,0,0,0,0,0,0,0,0,0,0,0,0,0,0
stantmi02,2001,1,NYA,76,0,0,0,0,0,0,0,0,0,0,0,0,0,0,0,0
starkde01,2001,1,SEA,4,0,0,0,0,0,0,0,0,0,0,0,0,0,0,0,0
stechge01,2001,1,SLN,69,3,1,2,0,0,1,3,0,0,1,1,0,0,0,0,0
steinbl01,2001,1,KCA,36,2,0,0,0,0,0,0,0,0,0,0,0,0,0,0,0
stevele01,2001,1,MON,152,542,77,133,35,1,25,95,2,1,74,157,12,5,0,7,17
stewasc01,2001,1,MON,62,0,0,0,0,0,0,0,0,0,0,0,0,0,0,0,0
stewash01,2001,1,TOR,155,640,103,202,44,7,12,60,27,10,46,72,1,11,0,1,9
stinnke01,2001,1,CIN,63,187,27,48,11,0,9,25,2,2,17,61,3,5,1,1,5
stoneri01,2001,1,HOU,6,0,0,0,0,0,0,0,0,0,0,0,0,0,0,0,0
stricsc01,2001,1,MON,77,3,0,0,0,0,0,0,0,0,0,2,0,0,0,0,0
stronjo01,2001,1,FLO,5,1,0,0,0,0,0,0,0,0,0,1,0,0,0,0,0
sturtta01,2001,1,TBA,39,8,0,1,0,0,0,0,0,0,0,3,0,0,0,0,0
stynech01,2001,1,BOS,96,361,52,101,19,2,8,33,4,5,20,56,0,3,1,1,12
sullisc01,2001,1,CIN,79,3,0,0,0,0,0,0,0,0,0,3,0,0,0,0,0
suppaje01,2001,1,KCA,34,5,0,2,0,0,0,0,0,0,0,2,0,0,0,0,0
surhobj01,2001,1,ATL,141,484,68,131,33,1,10,58,9,3,38,48,5,1,1,7,5
suttola01,2001,1,SLN,33,42,3,5,1,0,1,3,0,0,1,10,0,0,1,0,1
suzukic01,2001,1,SEA,157,692,127,242,34,8,8,69,56,14,30,53,10,8,4,4,3
suzukma01,2001,1,KCA,15,0,0,0,0,0,0,0,0,0,0,0,0,0,0,0,0
suzukma01,2001,2,COL,3,1,0,0,0,0,0,0,0,0,0,1,0,0,1,0,0
suzukma01,2001,3,MIL,15,17,0,0,0,0,0,0,0,0,1,9,0,0,2,0,1
sweenma01,2001,1,MIL,48,89,9,23,3,1,3,11,2,1,12,23,0,0,2,0,0
sweenmi01,2001,1,KCA,147,559,97,170,46,0,29,99,10,3,64,64,13,2,1,6,13
swindgr01,2001,1,ARI,64,0,0,0,0,0,0,0,0,0,0,0,0,0,0,0,0
tabakje01,2001,1,SLN,8,0,0,0,0,0,0,0,0,0,0,0,0,0,0,0,0
tamje01,2001,1,OAK,70,0,0,0,0,0,0,0,0,0,0,0,0,0,0,0,0
tapanke01,2001,1,CHN,29,50,1,12,0,0,0,2,0,0,1,14,0,0,7,0,0
tatisfe01,2001,1,MON,41,145,20,37,9,0,2,11,0,0,16,43,0,4,0,3,5
taubeed01,2001,1,CLE,52,116,16,29,2,1,3,11,0,0,10,19,1,1,1,0,3
tavarju01,2001,1,CHN,34,41,4,5,0,0,0,4,0,0,3,17,0,0,11,0,1
taylobi04,2001,1,PIT,1,0,0,0,0,0,0,0,0,0,0,0,0,0,0,0,0
taylore01,2001,1,PHI,5,7,1,0,0,0,0,0,0,0,1,1,0,0,0,0,0
tejadmi01,2001,1,OAK,162,622,107,166,31,3,31,113,11,5,43,89,5,13,1,4,14
telemam01,2001,1,PHI,24,21,2,2,0,0,0,0,0,0,2,8,0,0,2,0,1
telfoan01,2001,1,MON,8,0,0,0,0,0,0,0,0,0,0,0,0,0,0,0,0
thomabr01,2001,1,MIN,5,0,0,0,0,0,0,0,0,0,0,0,0,0,0,0,0
thomafr04,2001,1,CHA,20,68,8,15,3,0,4,10,0,0,10,12,2,0,0,1,0
thomeji01,2001,1,CLE,156,526,101,153,26,1,49,124,0,1,111,185,14,4,0,3,9
thompry01,2001,1,FLO,18,31,6,9,5,0,0,2,0,0,1,8,0,0,0,0,2
thomsjo01,2001,1,COL,14,29,3,7,0,1,0,1,0,0,1,15,0,0,6,0,0
thurmmi01,2001,1,MON,28,42,0,1,0,0,0,0,0,0,2,27,0,0,3,0,0
timlimi01,2001,1,SLN,68,1,0,0,0,0,0,0,0,0,0,0,0,0,0,0,0
tocajo01,2001,1,NYN,13,17,3,3,0,0,0,1,0,0,0,8,0,0,0,0,0
tolarke01,2001,1,DET,9,0,0,0,0,0,0,0,0,0,0,0,0,0,0,0,0
tollbbr01,2001,1,SDN,19,40,4,8,0,0,0,1,0,0,2,17,0,0,5,0,0
tomkobr01,2001,1,SEA,11,0,0,0,0,0,0,0,0,0,0,0,0,0,0,0,0
torrest01,2001,1,ATL,2,2,0,1,0,0,0,0,0,0,0,0,0,0,0,0,1
torreyo01,2001,1,SFN,3,4,0,2,0,1,0,2,0,0,0,0,0,0,0,0,0
towerjo01,2001,1,BAL,24,2,0,0,0,0,0,0,0,0,0,0,0,0,0,0,0
trachst01,2001,1,NYN,28,56,2,9,1,0,0,2,0,0,0,13,0,0,5,0,0
tracyan01,2001,1,MON,38,55,4,6,1,0,2,8,0,0,6,26,0,0,0,2,1
trammbu01,2001,1,SDN,142,490,66,128,20,3,25,92,2,2,48,78,2,4,0,4,10
trombmi01,2001,1,BAL,50,0,0,0,0,0,0,0,0,0,0,0,0,0,0,0,0
trombmi01,2001,2,LAN,19,0,0,0,0,0,0,0,0,0,0,0,0,0,0,0,0
trubych01,2001,1,HOU,48,136,11,28,6,1,8,23,1,2,13,38,2,1,0,2,1
tuckemi01,2001,1,CIN,86,231,31,56,10,1,7,30,12,5,23,55,1,1,5,5,4
tuckemi01,2001,2,CHN,63,205,31,54,9,7,5,31,4,3,23,47,3,1,5,1,4
tynerja01,2001,1,TBA,105,396,51,111,8,5,0,21,31,6,15,42,0,3,5,1,6
urbinug01,2001,1,MON,45,1,0,0,0,0,0,0,0,0,0,1,0,0,0,0,0
urbinug01,2001,2,BOS,19,0,0,0,0,0,0,0,0,0,0,0,0,0,0,0,0
uribeju01,2001,1,COL,72,273,32,82,15,11,8,53,3,0,8,55,1,2,0,0,6
valdeis01,2001,1,ANA,27,5,0,1,0,0,0,0,1,0,0,2,0,0,0,0,0
valdema01,2001,1,ATL,9,0,0,0,0,0,0,0,0,0,0,0,0,0,0,0,0
valdema02,2001,1,OAK,32,54,7,15,1,0,1,8,0,0,12,18,1,1,0,0,0
valener01,2001,1,PHI,22,41,3,4,2,0,0,1,0,0,4,11,0,1,0,0,0
valenjo02,2001,1,BOS,20,60,8,12,2,0,1,5,0,0,9,8,0,1,0,0,4
valenjo03,2001,1,CHA,124,438,74,113,22,2,28,68,9,6,50,114,2,3,8,3,7
vandejo02,2001,1,PIT,97,313,39,87,22,3,11,50,7,4,42,84,6,1,0,4,7
vandejo02,2001,2,SFN,49,139,19,35,6,1,3,20,1,2,26,38,3,0,2,0,3
vanpoto01,2001,1,CHN,59,7,1,2,0,0,0,0,0,0,0,3,0,0,0,0,0
varitja01,2001,1,BOS,51,174,19,51,11,1,7,25,0,0,21,35,3,1,1,1,6
vaughgr01,2001,1,TBA,136,485,74,113,25,0,24,82,11,5,71,130,7,3,0,3,10
vazquja01,2001,1,MON,32,62,5,16,2,0,0,1,0,0,2,11,0,1,16,1,1
vazqura01,2001,1,SEA,17,35,5,8,0,0,0,4,0,0,0,3,0,0,1,1,0
velanjo01,2001,1,NYN,9,9,1,0,0,0,0,0,0,0,2,1,0,0,0,0,0
velarra01,2001,1,TEX,78,296,46,88,16,2,9,31,4,2,29,73,0,5,3,1,8
velarra01,2001,2,NYA,15,46,4,7,3,0,0,1,2,0,5,13,0,3,1,0,0
venafmi01,2001,1,TEX,70,0,0,0,0,0,0,0,0,0,0,0,0,0,0,0,0
venturo01,2001,1,NYN,142,456,70,108,20,0,21,61,2,5,88,101,10,1,0,4,13
verasqu01,2001,1,ATL,71,258,39,65,14,2,3,25,7,4,24,52,1,7,4,2,4
veresda01,2001,1,SLN,71,3,0,0,0,0,0,0,0,0,0,1,0,0,1,0,0
vidrojo01,2001,1,MON,124,486,82,155,34,1,15,59,4,1,31,49,2,10,2,2,18
villabr01,2001,1,TEX,6,0,0,0,0,0,0,0,0,0,0,0,0,0,0,0,0
villoro01,2001,1,COL,22,9,0,0,0,0,0,0,0,0,0,5,0,0,2,0,0
villoro01,2001,2,HOU,31,13,2,1,1,0,0,0,0,0,0,4,0,0,2,0,0
vinafe01,2001,1,SLN,154,631,95,191,30,8,9,56,17,7,32,35,3,22,3,2,7
vininke01,2001,1,CHA,8,0,0,0,0,0,0,0,0,0,0,0,0,0,0,0,0
vizcajo01,2001,1,HOU,107,256,38,71,8,3,1,14,3,2,15,33,0,2,9,0,6
vizcalu01,2001,1,OAK,36,0,0,0,0,0,0,0,0,0,0,0,0,0,0,0,0
vizquom01,2001,1,CLE,155,611,84,156,26,8,2,50,13,9,61,72,0,2,15,4,14
vogelry01,2001,1,SFN,13,8,0,1,1,0,0,0,0,0,0,2,0,0,0,0,0
vogelry01,2001,2,PIT,2,2,0,0,0,0,0,0,0,0,0,1,0,0,0,0,0
vosbeed01,2001,1,PHI,18,0,0,0,0,0,0,0,0,0,0,0,0,0,0,0,0
voylebr01,2001,1,KCA,7,0,0,0,0,0,0,0,0,0,0,0,0,0,0,0,0
wagnebi02,2001,1,HOU,64,0,0,0,0,0,0,0,0,0,0,0,0,0,0,0,0
wakefti01,2001,1,BOS,45,3,0,1,0,0,0,0,0,0,0,2,0,0,1,0,0
wakelch01,2001,1,DET,10,36,5,9,2,0,2,6,0,0,0,13,0,0,0,0,0
walbema01,2001,1,PHI,1,1,0,1,0,0,0,0,0,0,0,0,0,0,0,0,0
walkeke01,2001,1,SDN,16,0,0,0,0,0,0,0,0,0,0,0,0,0,0,0,0
walkela01,2001,1,COL,142,497,107,174,35,3,38,123,14,5,82,103,6,14,0,8,9
walkepe01,2001,1,NYN,2,1,0,0,0,0,0,0,0,0,0,1,0,0,1,0,0
walketo04,2001,1,COL,85,290,52,86,18,2,12,43,1,3,25,40,1,0,3,3,8
walketo04,2001,2,CIN,66,261,41,77,17,0,5,32,0,5,26,42,0,1,1,0,6
wallaje01,2001,1,TBA,29,0,0,0,0,0,0,0,0,0,0,0,0,0,0,0,0
walldo01,2001,1,NYN,33,0,1,0,0,0,0,0,0,0,0,0,0,0,0,0,0
wardda01,2001,1,HOU,95,213,21,56,15,0,9,39,0,0,19,48,4,1,0,2,3
wardtu01,2001,1,PHI,17,15,1,4,1,0,0,2,0,0,1,6,1,1,0,0,1
wasdijo01,2001,1,COL,18,3,1,1,1,0,0,1,0,0,0,0,0,0,0,0,0
wasdijo01,2001,2,BAL,26,0,0,0,0,0,0,0,0,0,0,0,0,0,0,0,0
washbja01,2001,1,ANA,30,5,1,3,0,0,0,0,0,0,1,2,0,0,0,0,0
weathda01,2001,1,MIL,52,1,0,0,0,0,0,0,0,0,1,1,0,0,0,0,0
weathda01,2001,2,CHN,28,0,0,0,0,0,0,0,0,0,0,0,0,0,0,0,0
weaveje01,2001,1,DET,33,5,0,0,0,0,0,0,0,0,0,0,0,0,1,0,0
weberbe01,2001,1,ANA,56,0,0,0,0,0,0,0,0,0,0,0,0,0,0,0,0
wehnejo01,2001,1,PIT,43,51,3,10,1,0,0,2,2,1,10,12,0,0,1,0,2
wellsbo01,2001,1,MIN,65,0,0,0,0,0,0,0,0,0,0,0,0,0,0,0,0
wellsda01,2001,1,CHA,16,2,0,0,0,0,0,0,0,0,0,1,0,0,0,0,0
wellski01,2001,1,CHA,40,6,1,1,0,0,0,0,1,0,0,5,0,0,0,0,0
wellsve01,2001,1,TOR,30,96,14,30,8,0,1,6,5,0,5,15,0,1,0,1,0
wendetu01,2001,1,NYN,49,2,0,0,0,0,0,0,0,0,0,1,0,0,0,0,0
wendetu01,2001,2,PHI,21,0,0,0,0,0,0,0,0,0,0,0,0,0,0,0,0
wengedo01,2001,1,PIT,4,3,0,0,0,0,0,0,0,0,1,2,0,0,1,0,0
westbja01,2001,1,CLE,23,1,0,0,0,0,0,0,0,0,0,1,0,0,1,0,0
wheelda01,2001,1,TBA,13,0,0,0,0,0,0,0,0,0,0,0,0,0,0,0,0
whitede03,2001,1,MIL,126,390,52,108,25,2,14,47,18,3,28,95,1,12,1,1,6
whitega01,2001,1,COL,69,3,0,0,0,0,0,0,0,0,0,3,0,0,0,0,0
whitema02,2001,1,ATL,13,0,0,0,0,0,0,0,0,0,0,0,0,0,0,0,0
whiteri01,2001,1,NYN,55,3,0,0,0,0,0,0,0,0,0,2,0,0,0,0,0
whitero02,2001,1,CHN,95,323,43,99,19,1,17,50,1,0,26,56,4,7,1,0,14
wickmbo01,2001,1,CLE,70,0,0,0,0,0,0,0,0,0,0,0,0,0,0,0,0
wilkebr01,2001,1,MON,47,117,11,24,7,2,1,5,2,1,17,41,1,0,1,1,2
wilkima01,2001,1,PIT,14,0,0,0,0,0,0,0,0,0,0,0,0,0,0,0,0
wilkiri01,2001,1,SDN,12,22,3,4,1,0,1,8,0,0,2,8,0,0,0,0,1
willibe02,2001,1,NYA,146,540,102,166,38,0,26,94,11,5,78,67,11,6,0,9,15
willida07,2001,1,PIT,22,34,1,4,2,0,0,2,0,0,0,19,0,0,3,0,0
willige02,2001,1,TBA,62,232,30,48,17,0,4,17,10,4,13,42,0,4,3,0,8
willige02,2001,2,NYA,38,47,12,8,1,0,0,2,3,1,5,13,0,1,1,0,1
willije01,2001,1,LAN,15,4,0,0,0,0,0,0,0,0,0,2,0,0,0,0,0
willima04,2001,1,ARI,106,408,58,112,30,0,16,65,1,0,22,70,3,3,0,3,15
willimi03,2001,1,PIT,40,0,0,0,0,0,0,0,0,0,0,0,0,0,0,0,0
willimi03,2001,2,HOU,25,0,0,0,0,0,0,0,0,0,0,0,0,0,0,0,0
willisc01,2001,1,CIN,2,0,0,0,0,0,0,0,0,0,0,0,0,0,0,0,0
willito02,2001,1,NYA,15,0,0,0,0,0,0,0,0,0,0,0,0,0,0,0,0
williwo02,2001,1,SDN,26,55,7,9,3,0,0,4,0,0,2,18,0,1,1,2,0
williwo02,2001,2,SLN,11,27,4,7,2,0,0,3,0,0,1,4,0,0,1,0,0
wilsocr03,2001,1,PIT,88,158,27,49,3,1,13,32,3,1,15,53,1,7,1,2,4
wilsoda01,2001,1,SEA,123,377,44,100,20,1,10,42,3,2,20,69,0,2,8,1,6
wilsoen01,2001,1,PIT,46,129,7,24,3,0,1,8,0,3,3,23,0,0,0,1,7
wilsoen01,2001,2,NYA,48,99,10,24,5,1,1,12,0,2,6,14,0,0,2,1,3
wilsoja02,2001,1,PIT,108,390,44,87,17,1,3,25,1,3,16,70,2,1,17,1,4
wilsokr01,2001,1,KCA,29,3,1,1,0,0,0,0,0,0,0,1,0,0,0,0,0
wilsopa02,2001,1,TBA,37,0,0,0,0,0,0,0,0,0,0,0,0,0,0,0,0
wilsopr01,2001,1,FLO,123,468,70,128,30,2,23,71,20,8,36,107,2,6,0,3,14
wilsoto02,2001,1,OAK,9,21,4,4,0,0,2,4,0,0,1,5,0,1,0,1,1
wilsova01,2001,1,NYN,32,57,3,17,3,0,0,6,0,1,2,16,0,2,0,1,1
winchsc01,2001,1,CIN,12,3,0,0,0,0,0,0,0,0,0,2,0,0,0,0,1
winnra01,2001,1,TBA,128,429,54,117,25,6,6,50,12,10,38,81,0,6,5,2,10
wisema01,2001,1,ANA,11,0,0,0,0,0,0,0,0,0,0,0,0,0,0,0,0
witasja01,2001,1,SDN,31,1,0,0,0,0,0,0,0,0,0,1,0,0,0,0,0
witasja01,2001,2,NYA,32,0,0,0,0,0,0,0,0,0,0,0,0,0,0,0,0
wittbo01,2001,1,ARI,14,12,0,3,0,0,0,0,0,0,0,7,0,0,1,0,0
wittke01,2001,1,SDN,14,27,5,5,0,0,2,5,0,0,2,7,0,0,0,1,0
wohlema01,2001,1,CIN,30,0,0,0,0,0,0,0,0,0,0,0,0,0,0,0,0
wohlema01,2001,2,NYA,31,0,0,0,0,0,0,0,0,0,0,0,0,0,0,0,0
wolfra02,2001,1,PHI,28,45,2,8,0,0,0,2,0,0,3,13,0,0,5,0,1
womacto01,2001,1,ARI,125,481,66,128,19,5,3,30,28,7,23,54,2,6,7,1,4
woodast01,2001,1,CLE,29,1,0,0,0,0,0,0,0,0,0,0,0,0,0,0,0
woodke02,2001,1,CHN,29,48,3,9,1,0,0,2,0,0,1,15,0,0,13,0,0
woodwch01,2001,1,TOR,37,63,9,12,3,2,2,5,0,1,1,14,0,0,2,0,1
wootesh01,2001,1,ANA,79,221,24,69,8,1,8,32,2,0,5,42,0,3,0,3,5
worreti01,2001,1,SFN,73,2,0,0,0,0,0,0,0,0,0,2,0,0,1,0,0
wrighda02,2001,1,CHA,13,0,0,0,0,0,0,0,0,0,0,0,0,0,0,0,0
wrighja01,2001,1,MIL,34,67,7,13,1,0,0,4,0,0,3,20,0,0,4,0,0
wrighja02,2001,1,CLE,7,2,0,1,0,0,0,0,0,0,0,1,0,0,0,0,0
wunscke01,2001,1,CHA,33,0,0,0,0,0,0,0,0,0,0,0,0,0,0,0,0
yanes01,2001,1,TBA,54,0,0,0,0,0,0,0,0,0,0,0,0,0,0,0,0
yoshima01,2001,1,MON,42,16,0,2,0,0,0,0,0,0,1,7,0,0,2,0,0
youngdm01,2001,1,CIN,142,540,68,163,28,3,21,69,8,5,37,77,10,5,1,3,22
younger01,2001,1,CHN,149,603,98,168,43,4,6,42,31,14,42,45,1,9,15,3,15
youngke01,2001,1,PIT,142,449,53,104,33,0,14,65,15,11,42,119,3,11,0,5,17
youngmi02,2001,1,TEX,106,386,57,96,18,4,11,49,3,1,26,91,0,3,9,5,9
zambrca01,2001,1,CHN,6,2,0,0,0,0,0,0,0,0,0,0,0,0,0,0,0
zambrvi01,2001,1,TBA,36,0,0,0,0,0,0,0,0,0,0,0,0,0,0,0,0
zaungr01,2001,1,KCA,39,125,15,40,9,0,6,18,1,2,12,16,0,0,0,1,2
zeileto01,2001,1,NYN,151,531,66,141,25,1,10,62,1,0,73,102,3,6,0,2,15
zerbech01,2001,1,SFN,27,9,1,2,0,0,0,1,0,0,0,1,0,0,2,0,1
zimmeje02,2001,1,TEX,66,0,0,0,0,0,0,0,0,0,0,0,0,0,0,0,0
zitoba01,2001,1,OAK,35,5,0,0,0,0,0,0,0,0,0,4,0,0,0,0,0
zuletju01,2001,1,CHN,49,106,11,23,3,0,6,24,0,1,8,32,1,3,0,1,3